id,domain,company_name,website,phone,email,contact_type,city,state,states_served_count,nationwide,description,min_loan_amount,max_loan_amount,max_ltv,max_arv,min_interest_rate,max_interest_rate,min_points,max_points,min_term_months,max_term_months,interest_only,nmls_id,aapl_member,year_founded,credit_check_policy,min_credit_score,no_credit_check,source,states_served,loan_products,display_loan_range,display_max_ltv,display_max_arv,display_interest_rate,display_points,display_term
66,14thstreetcapital.com,14th Street Capital,https://14thstreetcapital.com,,,web_only,,,51,True,"14th Street Capital offers hard money loans for real estate investors, including fix and flip, rental, and landlord loans with flexible terms and quick funding.",100000,,0.85,,0.058,0.15,1.0,3.5,3,60,True,,,,none,,True,brave_search,AK|AL|AR|AZ|CA|CO|CT|DC|DE|FL|GA|HI|IA|ID|IL|IN|KS|KY|LA|MA|MD|ME|MI|MN|MO|MS|MT|NC|ND|NE|NH|NJ|NM|NV|NY|OH|OK|OR|PA|RI|SC|SD|TN|TX|UT|VA|VT|WA|WI|WV|WY,fix_flip|refi|rental,$100K,85%,,6% – 15%,1 – 3.5 pts,3 – 60 mo
220,1floridalending.com,1st Florida Lending Corp.,https://1floridalending.com,(407) 300-2558,,phone_only,,FL,19,False,Florida’s Top-Rated Direct Mortgage Lender Offering 48+ Loan Programs including Hard Money and Fix & Flip Loans.,,3000000,0.85,,,,,,,,True,,,2007,hard_pull,580,False,brave_search,AL|AZ|CA|FL|GA|IA|IL|KS|KY|LA|MN|MT|ND|OK|PA|SC|SD|TX|WV,bridge|commercial|construction|fix_flip|rental,$3M,85%,,,,
255,1stnwm.com,1st Nationwide Mortgage,https://1stnwm.com,(888) 400-0433,,phone_only,Irvine,CA,18,False,"1st Nationwide Mortgage specializes in non-QM loans including bank statement, DSCR, and NONI investment loans for self-employed and real estate investors.",100000,3500000,0.85,,,,,,,480,,1281,,2005,hard_pull,620,False,brave_search,AK|AL|AZ|CA|CO|FL|GA|IA|ID|MT|NC|OH|OR|SC|TN|TX|VA|WA,commercial|dscr,$100K – $3.5M,85%,,,,480 mo
330,aafundcorp.com,A & A Funding Corp,https://aafundcorp.com,(602) 494-8980,info@aafundcorp.com,phone_email,Scottsdale,AZ,1,False,"A & A Funding Corp specializes in hard money and non-prime loans, providing fast funding and flexible solutions for residential and commercial properties.",25000,1500000,0.8,0.95,,,,,6,60,True,162461,,,none,,True,brave_search,AZ,bridge|commercial|construction|multifamily|rental,$25K – $1.5M,80%,95%,,,6 – 60 mo
344,atozcapitallending.com,"A to Z Capital, Inc.",https://atozcapitallending.com,(561) 609-6699,info@atozcapitallending.com,phone_email,Boca Raton,FL,1,False,"A to Z Capital is a Florida lender offering hard money loans, cash-out refinances, and various investment property financing options.",,,,,,,,,,,,,,,,,False,brave_search,FL,cash_out|fix_flip|rental,,,,,,
141,a4cp.com,A4 Capital Partners,https://a4cp.com,(203) 941-1055,originations@a4cp.com,phone_email,New York,NY,16,False,"A4 Capital Partners provides fast and flexible financing solutions for real estate investors, specializing in fix and flip, refinance, and new construction loans.",250000,,0.75,0.9,0.085,,,,12,24,True,,,,hard_pull,,False,brave_search,CT|DE|FL|GA|MA|MD|ME|NC|NH|NJ|NY|PA|RI|SC|TN|VA,fix_flip|refi,$250K,75%,90%,8%,,12 – 24 mo
226,coloansonline.com,Abbey Mortgage & Investments,https://coloansonline.com,(970) 532-4243,info@coloansonline.com,phone_email,Berthoud,CO,1,False,"Abbey Mortgage & Investments specializes in private money loans for real estate investors in Colorado, offering fast funding and flexible terms.",,,,,0.12,0.13,,,,,True,,,,none,,True,brave_search,CO,commercial|construction|fix_flip|refi|rental,,,,12% – 13%,,
331,abelfunding.com,Abel Commercial Funding,https://abelfunding.com,(301) 200-9801,info@abelfunding.com,phone_email,Rockville,MD,1,False,Abel Commercial Funding provides alternative financing solutions including hard money and bridge loans for commercial real estate and business needs.,100000,100000000,0.8,,0.09,0.14,1.0,4.0,,,True,,,,soft_pull,,True,brave_search,MD,bridge|fix_flip,$100K – $100M,80%,,9% – 14%,1 – 4 pts,
15,accolend.com,Accolend,https://accolend.com,(201) 643-6650,sales@accolend.com,phone_email,Paramus,NJ,8,False,"Accolend offers a variety of Hard Money loan products to help real estate investors achieve their goals, including fix and flip, ground-up construction, bridge loans, and DSCR/rental property loans.",115000,8000000,0.85,0.7,0.0999,0.11,,,6,24,,,,,hard_pull,620,False,brave_search,CA|FL|LA|MA|NJ|NY|OH|TX,bridge|dscr|fix_flip|ground_up|rental,$115K – $8M,85%,70%,10% – 11%,,6 – 24 mo
332,accunet.com,Accunet Mortgage,https://accunet.com,(262) 781-1100,info@accunet.com,phone_email,Waukesha,WI,4,False,Accunet Mortgage is a top-ranked direct-to-consumer lender offering various mortgage solutions including refinancing and bridge loans.,,,0.8,,,,,,,,True,255368,,1999,none,,True,brave_search,FL|IL|MN|WI,bridge|refi,,80%,,,,
333,actiumlending.com,Actium Lending,https://actiumlending.com,(801) 983-6700,,phone_only,Salt Lake City,UT,3,False,"Actium Lending specializes in hard money and bridge loans for real estate, providing quick access to funds and flexible terms.",,,,,,,,,,,,,,,none,,True,brave_search,CO|ID|UT,bridge,,,,,,
190,actiumpartners.com,Actium Partners,https://actiumpartners.com,(801) 983-6700,info@actiumpartners.com,phone_email,Salt Lake City,UT,2,False,Actium Partners offers bridge loans and hard money loans to help clients achieve their financial goals quickly and efficiently.,,,,,0.1,0.12,,,,12,,,,2004,,,False,brave_search,CO|ID,bridge,,,,10% – 12%,,12 mo
335,advestfunding.com,Advest Funding,https://advestfunding.com,(215) 234-1567,,phone_only,Newtown,PA,3,False,"A Pennsylvania based hard money lender specializing in fast, flexible, and reliable funding solutions for builders, developers, and investors.",,,0.8,,,,,,,,True,,,,,,False,brave_search,NJ|NY|PA,bridge|construction|fix_flip,,80%,,,,
336,agavehomeloans.com,Agave Home Loans,https://agavehomeloans.com,(833) 316-3170,info@agavehomeloans.com,phone_email,Phoenix,AZ,1,False,"Agave Home Loans offers a variety of mortgage products including VA, FHA, conventional, jumbo, cash-out, HELOC, and home equity loans.",,,,,,,,,,,,1951574,,,,,False,brave_search,AZ,cash_out,,,,,,
232,harddmoneyloans.com,AHL Hard Money Network,https://harddmoneyloans.com,(813) 368-9919,ahlmoneyintampa@yahoo.com,phone_email,Tampa,FL,1,False,"AHL Hard Money Network provides hard and private money loans for various property types in Florida, focusing on equity-based financing.",50000,5000000,0.7,,0.09,0.12,,,,,,,,,none,,True,brave_search,FL,bridge|commercial|fix_flip|multifamily|refi|rental,$50K – $5M,70%,,9% – 12%,,
175,advancedinvestmentcorp.com,AIC Advanced Investment Corp,https://advancedinvestmentcorp.com,(503) 342-2000,,phone_only,West Linn,OR,1,False,AIC is a hard money lender specializing in private money loans for various real estate projects across Oregon.,,,0.65,,,,,,,,,278210,,1984,none,,True,brave_search,OR,fix_flip|refi,,65%,,,,
155,acalending.com,All California Lending,https://acalending.com,(877) 462-3422,cgoulart@acalending.com,phone_email,Brentwood,CA,1,False,"All California Lending specializes in hard money loans and commercial loans in California, offering flexible funding solutions.",,,0.65,,,,,,,,,298819,,,none,,True,brave_search,CA,bridge|commercial|construction|dscr|fix_flip|ground_up|multifamily|refi|rental,,65%,,,,
257,allegiancecu.org,Allegiance Credit Union,https://allegiancecu.org,(405) 789-7900,,phone_only,Oklahoma City,OK,1,False,Allegiance Credit Union offers a variety of loan products including bridge loans and construction loans to help homeowners in Oklahoma finance their real estate needs.,20000,,0.8,,0.06375,0.075,,,,,True,,,,hard_pull,620,False,brave_search,OK,bridge|construction,$20K,80%,,6% – 8%,,
19,alohaprivatelending.com,Aloha Capital,https://alohaprivatelending.com,(303) 245-0291,,phone_only,Boulder,CO,51,True,"Aloha Capital offers fast, flexible, and reliable financing for real estate investment opportunities, including Fix & Flips, BRRRRs, and Multifamily Value-Add projects.",,,0.8,,,,,,,,,,,2015,,,False,brave_search,AK|AL|AR|AZ|CA|CO|CT|DC|DE|FL|GA|HI|IA|ID|IL|IN|KS|KY|LA|MA|MD|ME|MI|MN|MO|MS|MT|NC|ND|NE|NH|NJ|NM|NV|NY|OH|OK|OR|PA|RI|SC|SD|TN|TX|UT|VA|VT|WA|WI|WV|WY,bridge|brrrr|construction|dscr|fix_flip|multifamily|rental,,80%,,,,
90,alphafunding.com,Alpha Funding,https://alphafunding.com,(908) 900-4894,,phone_only,Red Bank,NJ,51,True,"Alpha Funding provides hard money loans for real estate investors, specializing in fix and flip, new construction, rental DSCR, and cash-out refinance options.",75000,2000000,0.8,,0.0575,,,,,360,,,,2007,hard_pull,680,False,brave_search,AK|AL|AR|AZ|CA|CO|CT|DC|DE|FL|GA|HI|IA|ID|IL|IN|KS|KY|LA|MA|MD|ME|MI|MN|MO|MS|MT|NC|ND|NE|NH|NJ|NM|NV|NY|OH|OK|OR|PA|RI|SC|SD|TN|TX|UT|VA|VT|WA|WI|WV|WY,cash_out|dscr|fix_flip,$75K – $2M,80%,,6%,,360 mo
94,alphafundingcorp.com,Alpha Funding Corp,https://alphafundingcorp.com,(800) 957-1890,info@afunding.com,phone_email,Las Vegas,NV,51,True,"Alpha Funding Corp is a leading private money lender offering commercial bridge loans and hard money loans nationwide, with flexible terms and competitive rates.",2000000,100000000,0.75,,0.0775,,1.75,2.75,12,60,,,,,none,,True,brave_search,AK|AL|AR|AZ|CA|CO|CT|DC|DE|FL|GA|HI|IA|ID|IL|IN|KS|KY|LA|MA|MD|ME|MI|MN|MO|MS|MT|NC|ND|NE|NH|NJ|NM|NV|NY|OH|OK|OR|PA|RI|SC|SD|TN|TX|UT|VA|VT|WA|WI|WV|WY,bridge|commercial|multifamily,$2M – $100M,75%,,8%,1.75 – 2.75 pts,12 – 60 mo
337,alpinecommercialfunding.com,Alpine Commercial Funding,https://alpinecommercialfunding.com,(402) 210-3979,ao@alpinecommercialfunding.com,phone_email,Bennington,NE,1,False,"Alpine Commercial Funding offers hard money lending and various financing solutions for commercial real estate, including fix-and-flip loans and bridge loans.",,,,,,,,,,,,,,,none,,True,brave_search,NE,bridge|fix_flip,,,,,,
29,ahlend.com,"American Heritage Lending, LLC",https://ahlend.com,(800) 745-9280,info@ahlend.com,phone_email,Irvine,CA,51,True,"American Heritage Lending specializes in providing real estate investors with flexible and reliable financing solutions, including fix and flip, bridge, and new construction loans.",,3000000,0.95,0.75,0.0799,,0.0,,12,18,True,93735,,2004,none,,True,brave_search,AK|AL|AR|AZ|CA|CO|CT|DC|DE|FL|GA|HI|IA|ID|IL|IN|KS|KY|LA|MA|MD|ME|MI|MN|MO|MS|MT|NC|ND|NE|NH|NJ|NM|NV|NY|OH|OK|OR|PA|RI|SC|SD|TN|TX|UT|VA|VT|WA|WI|WV|WY,bridge|construction|fix_flip|rental,$3M,95%,75%,8%,0 pts,12 – 18 mo
338,americanherohomeloans.com,American Hero Home Loans,https://americanherohomeloans.com,(219) 695-0369,sswinford@hancockmortgage.com,phone_email,Crown Point,IN,1,False,"American Hero Home Loans specializes in providing mortgage solutions for veterans, military personnel, and first responders, offering various loan products including VA loans and DSCR loans for real estate investors.",100000,,,,,,,,,,,138422,,,hard_pull,620,False,brave_search,IN,commercial|dscr,$100K,,,,,
258,americanloans.com,American Home Loans,https://americanloans.com,(801) 262-2221,,phone_only,Sandy,UT,1,False,"American Home Loans offers a variety of mortgage products including hard money loans, construction loans, and investment property loans in Utah.",,5000000,0.95,,,,,,,,,245422,,1994,hard_pull,500,False,brave_search,UT,construction|rental,$5M,95%,,,,
191,amilenders.com,AMI Lenders,https://amilenders.com,(713) 682-4400,info@amilenders.com,phone_email,Houston,TX,1,False,AMI Lenders is a Private Mortgage Lender providing Houston with Hard Money Loans for residential or commercial real estate investments.,,,0.7,,,,,,12,60,,320385,,1990,,,False,brave_search,TX,bridge|commercial|fix_flip,,70%,,,,12 – 60 mo
339,amplend.net,Amplend,https://amplend.net,(855) 267-1363,hello@amplend.net,phone_email,,NJ,38,False,"Amplend is a private money lender specializing in flexible financing solutions for real estate investors, offering various loan programs including fix and flip, bridge, rental, and new construction loans.",70000,3000000,0.85,,0.0625,0.0725,0.0,2.0,12,24,True,,,,hard_pull,660,False,brave_search,AL|AR|CO|CT|DC|DE|FL|GA|IA|IL|IN|KS|KY|LA|MA|MD|ME|MI|MO|MS|MT|NC|NE|NH|NJ|NM|NY|OH|OK|PA|RI|SC|TN|TX|WA|WI|WV|WY,bridge|construction|dscr|fix_flip,$70K – $3M,85%,,6% – 7%,0 – 2 pts,12 – 24 mo
40,anchorloans.com,Anchor Loans,https://anchorloans.com,(888) 719-5299,info@anchorloans.com,phone_email,Thousand Oaks,CA,6,False,"Anchor Loans is the nation’s leading private, direct lender to experienced residential real estate investors, brokers, and builders.",100000,2000000,,,,,,,,,,2289894,,1998,hard_pull,660,False,brave_search,AZ|CA|FL|GA|NV|TN,bridge|brrrr|cash_out|commercial|construction|dscr|fix_flip|ground_up|multifamily|refi|rental,$100K – $2M,,,,,
142,angeloakms.com,Angel Oak Mortgage Solutions,https://angeloakms.com,(855) 539-4910,info@angeloakms.com,phone_email,Atlanta,GA,1,False,"Angel Oak Mortgage Solutions specializes in non-QM lending, offering innovative mortgage solutions for underserved borrowers.",100000,4000000,0.9,,,,,,,,,1160240,,,hard_pull,640,False,brave_search,GA,cash_out|dscr|refi,$100K – $4M,90%,,,,
36,apartmentloanstore.com,Apartment Loan Store,https://apartmentloanstore.com,(503) 376-7303,,phone_only,Portland,OR,51,True,"Apartment Loan Store specializes in multifamily and commercial loans, offering a variety of loan products with competitive rates.",1000000,,0.85,,0.0555,0.12,,,60,420,True,,,1997,hard_pull,680,False,brave_search,AK|AL|AR|AZ|CA|CO|CT|DC|DE|FL|GA|HI|IA|ID|IL|IN|KS|KY|LA|MA|MD|ME|MI|MN|MO|MS|MT|NC|ND|NE|NH|NJ|NM|NV|NY|OH|OK|OR|PA|RI|SC|SD|TN|TX|UT|VA|VT|WA|WI|WV|WY,bridge|cash_out|commercial|construction|multifamily|refi,$1M,85%,,6% – 12%,,60 – 420 mo
341,apexmoneylending.com,Apex Money Lending Group,https://apexmoneylending.com,(720) 365-4344,info@apexmoneylending.com,phone_email,,CO,1,False,"Apex Money Lending Group specializes in hard money loans in Colorado, providing quick financing based on property value rather than credit scores.",100000,2000000,0.65,,0.12,,3.0,,6,36,True,,,,none,,True,brave_search,CO,bridge|construction|fix_flip,$100K – $2M,65%,,12%,3 pts,6 – 36 mo
342,applewoodfund.com,Applewood Funding Inc,https://applewoodfund.com,(602) 497-4444,info@applewoodfund.com,phone_email,Scottsdale,AZ,1,False,"Private Hard Money Lender in Arizona offering various loan products including fix and flip, rental, and construction loans.",,,1.0,,0.0599,0.189,,,3,360,,175371,,,none,,True,brave_search,AZ,bridge|construction|fix_flip|rental,,100%,,6% – 19%,,3 – 360 mo
259,arcprivatelending.com,ARC Private Lending,https://arcprivatelending.com,(707) 543-1588,loans@arcprivatelending.com,phone_email,Santa Rosa,CA,1,False,"ARC Private Lending specializes in providing hard money loans for residential and commercial properties in California, catering to borrowers who may not qualify for traditional bank loans.",250000,,0.7,,,,,,,,,334620,,,none,,True,brave_search,CA,bridge|cash_out|commercial|fix_flip|rental,$250K,70%,,,,
343,archwestcapital.com,Archwest Capital,https://archwestcapital.com,(844) 922-2724,,phone_only,Irvine,CA,5,False,"Providing fast and efficient loans to investors in residential real estate, from ground-up construction to fix-and-flip and long-term rental hold.",75000,5000000,0.95,,,,,,6,30,,2674250,,,,,False,brave_search,AZ|CA|ID|OR|TN,bridge|dscr|fix_flip|ground_up,$75K – $5M,95%,,,,6 – 30 mo
346,azmtgi.com,"Arizona Mortgage & Investments, LLC",https://azmtgi.com,(480) 565-1200,jim@azmtgi.com,phone_email,Scottsdale,AZ,1,False,We offer creative commercial and residential hard money real estate lending solutions tailored to our clients’ needs.,,,,,,,,,,,,1502345,,,none,,True,brave_search,AZ,commercial|construction|fix_flip|rental,,,,,,
345,azmortgagebrothers.com,Arizona Mortgage Brothers,https://azmortgagebrothers.com,(602) 535-2171,,phone_only,Phoenix,AZ,1,False,"Arizona Mortgage Brothers provides reliable mortgage solutions for homebuyers and homeowners throughout Arizona, including private money lending options.",,,,,,,,,,,,1007154,,,hard_pull,620,False,brave_search,AZ,bridge|commercial|construction|fix_flip|multifamily|refi|rental,,,,,,
221,arkad.capital,Arkad Capital,https://arkad.capital,(732) 627-1141,info@arkad.capital,phone_email,Plainfield,NJ,47,False,"Arkad Capital is a hard money lender specializing in fix and flip, rental, and new construction loans with competitive rates and flexible terms.",,,,,,,,,,,,,,,,,False,brave_search,AK|AL|AR|AZ|CA|CO|CT|DE|FL|GA|HI|IA|ID|IL|IN|KS|KY|LA|MA|MD|ME|MI|MO|MS|MT|NC|ND|NE|NH|NJ|NM|NV|NY|OH|OK|OR|PA|RI|SC|TN|TX|UT|VA|WA|WI|WV|WY,construction|dscr|fix_flip|rental,,,,,,
4,ablfunding.com,Asset Based Lending,https://ablfunding.com,(201) 942-9089,,phone_only,Jersey City,NJ,43,False,"Asset Based Lending provides direct private real estate financing for residential investment transactions, including fix and flip, rental, bridge, and new construction loans.",75000,50000000,0.925,0.75,0.06,0.11,0.0,2.0,12,24,,2449622,,,hard_pull,660,False,brave_search,AL|AR|AZ|CA|CO|CT|DC|DE|FL|GA|IA|ID|IL|IN|KS|KY|LA|MA|MD|ME|MI|MN|MO|MS|NC|NE|NH|NJ|NM|NY|OH|OK|OR|PA|RI|SC|TN|TX|VA|WA|WI|WV|WY,bridge|brrrr|construction|dscr|fix_flip,$75K – $50M,92%,75%,6% – 11%,0 – 2 pts,12 – 24 mo
176,associateshomeloan.com,"Associates Home Loan of Florida, Inc.",https://associateshomeloan.com,(813) 993-0610,,phone_only,Tampa,FL,1,False,"Private mortgage lenders specializing in hard money loans, private lending, and refinance options in Florida.",15000,3000000,0.7,,,,,,,,,380601,,2006,none,,True,brave_search,FL,bridge|refi,$15K – $3M,70%,,,,
222,avatarfinancial.com,Avatar Financial Group LLC,https://avatarfinancial.com,(206) 728-5900,info@avatarfinancial.com,phone_email,Seattle,WA,51,True,"Avatar Financial Group is a commercial bridge lender offering flexible solutions for nonconforming, income-producing real estate.",1000000,100000000,0.7,,0.095,0.115,1.0,1.0,6,36,True,,,2003,hard_pull,650,False,brave_search,AK|AL|AR|AZ|CA|CO|CT|DC|DE|FL|GA|HI|IA|ID|IL|IN|KS|KY|LA|MA|MD|ME|MI|MN|MO|MS|MT|NC|ND|NE|NH|NJ|NM|NV|NY|OH|OK|OR|PA|RI|SC|SD|TN|TX|UT|VA|VT|WA|WI|WV|WY,bridge,$1M – $100M,70%,,10% – 12%,1 pts,6 – 36 mo
223,belending.com,B.E. Lending,https://belending.com,(480) 706-0260,,phone_only,Phoenix,AZ,1,False,"B.E. Lending offers private money loans for real estate investors, focusing on quick funding and a variety of loan products including fix and flip, BRRRR, and construction loans.",,,0.8,0.7,,,,,,,,#1359227,,,none,,True,brave_search,AZ,bridge|brrrr|construction|fix_flip|multifamily|refi|rental,,80%,70%,,,
78,bakercollins.com,Baker Collins & Co.,https://bakercollins.com,(866) 781-9235,loans@bakercollins.com,phone_email,Atlanta,GA,51,True,Baker Collins & Co. is a real estate private money lending group specializing in funding real estate projects for investors.,100000,2500000,0.75,,0.0375,,,,6,12,True,,,2015,,,False,brave_search,AK|AL|AR|AZ|CA|CO|CT|DC|DE|FL|GA|HI|IA|ID|IL|IN|KS|KY|LA|MA|MD|ME|MI|MN|MO|MS|MT|NC|ND|NE|NH|NJ|NM|NV|NY|OH|OK|OR|PA|RI|SC|SD|TN|TX|UT|VA|VT|WA|WI|WV|WY,construction|fix_flip|multifamily|rental,$100K – $2.5M,75%,,4%,,6 – 12 mo
260,baselane.com,Baselane,https://baselane.com,(888) 586-1618,,phone_only,New York,NY,51,True,"Baselane offers easy funding for rental properties, including DSCR, fix-and-flip, and HELOC loans tailored to real estate investors.",100000,5000000,0.9,0.8,,,,,12,24,True,,,,,,False,brave_search,AK|AL|AR|AZ|CA|CO|CT|DC|DE|FL|GA|HI|IA|ID|IL|IN|KS|KY|LA|MA|MD|ME|MI|MN|MO|MS|MT|NC|ND|NE|NH|NJ|NM|NV|NY|OH|OK|OR|PA|RI|SC|SD|TN|TX|UT|VA|VT|WA|WI|WV|WY,bridge|dscr|fix_flip,$100K – $5M,90%,80%,,,12 – 24 mo
192,battleborncap.com,Battle Born Capital LLC,https://battleborncap.com,(702) 912-0118,aguinn@battleborncap.com,phone_email,Las Vegas,NV,1,False,"Battle Born Capital is a premier hard money lender based in Nevada, specializing in trust deed investments and providing private real estate loans.",,,,,,,,,,,,,,,,,False,brave_search,NV,,,,,,,
348,beaufort.mortgage,Beaufort Lending,https://beaufort.mortgage,(843) 524-2404,,phone_only,Port Royal,SC,1,False,"Beaufort Lending offers a variety of mortgage products including DSCR, fix and flip, and VA construction loans, specializing in investment properties and home loans in South Carolina.",100000,5000000,0.85,,,,,,,,True,1703543,,1997,hard_pull,600,False,brave_search,SC,construction|dscr|fix_flip,$100K – $5M,85%,,,,
120,makeabeeline.com,Beeline Loans,https://makeabeeline.com,(888) 810-5760,info@makeabeeline.com,phone_email,Providence,RI,29,False,"Beeline Loans offers a variety of mortgage products including DSCR loans, cash out refinancing, and loans for short-term rentals.",,,,,,,,,,,,1799947,,,hard_pull,600,False,brave_search,AL|AR|AZ|CA|CO|CT|DC|DE|FL|GA|IA|IL|IN|KS|KY|LA|MD|MI|MS|NC|OH|OK|PA|RI|SC|TN|TX|VA|WI,cash_out|dscr,,,,,,
349,belcanto-capital.com,"Belcanto Capital, LLC",https://belcanto-capital.com,(513) 879-5945,,phone_only,Cincinnati,OH,8,False,"Belcanto Capital offers fast and low-cost private hard money lender solutions for real estate investors, focusing on various loan products including DSCR and BRRRR loans.",75000,3000000,0.8,,0.065,,,,60,360,True,,,,hard_pull,660,False,brave_search,FL|GA|IN|KY|NC|OH|TN|TX,bridge|brrrr|construction|dscr|fix_flip|multifamily|refi|rental,$75K – $3M,80%,,6%,,60 – 360 mo
350,bendmortgagebrokers.com,Bend Mortgage Brokers,https://bendmortgagebrokers.com,(541) 972-8616,info@bendmortgagebrokers.com,phone_email,Bend,OR,3,False,"Bend Mortgage Brokers offers a variety of mortgage loan programs including VA, FHA, USDA, and DSCR loans, serving clients in Oregon, Washington, and Colorado.",,,,,,,,,,,,2552455,,,hard_pull,580,False,brave_search,CO|OR|WA,dscr|fix_flip|refi,,,,,,
193,bcpmortgage.com,Bennett Capital Partners,https://bcpmortgage.com,(800) 457-9057,,phone_only,Miami,FL,1,False,"Bennett Capital Partners is a mortgage broker in Miami specializing in real estate financing for both residential and commercial properties, offering a range of loan programs including hard money and DSCR loans.",,,,,0.09,0.12,,,,,,2046862,,,hard_pull,620,False,brave_search,FL,bridge|commercial|construction|dscr|multifamily,,,,9% – 12%,,
91,benworthcapital.com,Benworth Capital,https://benworthcapital.com,(305) 444-9730,info@benworthcapital.com,phone_email,Coral Gables,FL,1,False,"Benworth Capital is a hard money lender providing private loans for residential, commercial, and construction projects in Florida.",50000,25000000,0.8,,,,,,24,24,True,2234263,,2008,none,,True,brave_search,FL,construction|fix_flip|refi,$50K – $25M,80%,,,,24 mo
261,bestlendingco.com,Best Lending Co,https://bestlendingco.com,,,web_only,San Diego,CA,1,False,"Best Lending Co is a direct private lender, focused on providing a Better Borrowing Experience.",,,0.9,,0.095,0.0999,,,,,,,,,hard_pull,660,False,brave_search,CA,construction|dscr|fix_flip,,90%,,10% – 10%,,
244,north-dakota.bizloanfast.com,BizLoanFast,https://north-dakota.bizloanfast.com,,,web_only,,ND,1,False,"BizLoanFast helps small businesses in North Dakota obtain funding for growth, equipment, staffing, and other business needs with fast, hassle-free loans.",1000,1000000,,,,,,,,,,,,,none,,True,brave_search,ND,bridge|brrrr|cash_out|commercial|construction|dscr|fix_flip|refi|rental,$1K – $1M,,,,,
351,blackdiamondmortgage.com,Black Diamond Mortgage Corporation,https://blackdiamondmortgage.com,(406) 862-4999,zach@blackdiamondmortgage.com,phone_email,Whitefish,MT,1,False,"Black Diamond Mortgage specializes in Montana home financing, offering personalized mortgage solutions for purchases, refinances, and investment properties.",,,,,,,,,,,,209137,,,,,False,brave_search,MT,cash_out|refi,,,,,,
353,blue-inc.com,Blue-inc. Capital,https://blue-inc.com,(541) 434-1818,,phone_only,Eugene,OR,1,False,"Blue-inc. Capital is a private money lender based in Oregon, offering tailored financing solutions for a wide range of real estate properties.",,,0.65,,,,,,,,,196864,,,,,False,brave_search,OR,construction|fix_flip,,65%,,,,
354,blueberryfunding.com,Blueberry Funding,https://blueberryfunding.com,(907) 302-3434,,phone_only,,AK,1,False,"Blueberry Funding is a private lender specializing in hard money loans for real estate investors in Alaska, offering quick and reliable financing for various investment projects.",50000,500000,0.75,,0.09,0.14,2.0,4.0,6,18,True,,,,,,False,brave_search,AK,bridge|construction|fix_flip,$50K – $500K,75%,,9% – 14%,2 – 4 pts,6 – 18 mo
225,bluecaycapital.com,BlueCay Capital LLC,https://bluecaycapital.com,(203) 253-8835,info@bluecaycapital.com,phone_email,Fairfield,CT,12,False,BlueCay Capital LLC is a real estate finance firm specializing in directly originating bridge loans collateralized by commercial real estate.,,,,,,,,,,,,,,2015,,,False,brave_search,CT|DE|MA|MD|ME|NH|NJ|NY|PA|RI|VA|VT,bridge|commercial,,,,,,
264,boathousecfg.com,Boathouse Commercial Funding Group,https://boathousecfg.com,(269) 459-2530,info@boathousecfg.com,phone_email,Kalamazoo,MI,1,False,"Boathouse Commercial Funding Group offers a variety of financing solutions including hard money loans, DSCR loans, and commercial real estate loans tailored for real estate investors and business owners.",,,,,,,,,,,,,,,none,,True,brave_search,MI,commercial|dscr|fix_flip|multifamily|rental,,,,,,
130,bostontrustcorp.com,Boston Trust Corp,https://bostontrustcorp.com,(617) 752-7000,ngrover@bostontrustcorp.com,phone_email,Boston,MA,1,False,"Boston Trust is a direct private lender of hard money loans dedicated to meeting the demands of time-sensitive transactions by financing investments for residential and commercial property, land, and construction projects in Massachusetts.",,,,,,,,,,,,,,,none,,True,brave_search,MA,bridge|construction,,,,,,
117,bradloans.com,Brad Loans,https://bradloans.com,(602) 999-9499,brad@bradloans.com,phone_email,Scottsdale,AZ,1,False,"Brad Loans is Arizona’s most trusted direct hard money lender, specializing in hard money loans for real estate purchases, refinancing, and investment properties.",,,1.0,,0.0899,0.1499,0.0,6.0,,12,True,195785,,2014,none,,True,brave_search,AZ,bridge|fix_flip|refi|rental,,100%,,9% – 15%,0 – 6 pts,12 mo
102,breakwatercommercialcapital.com,Breakwater Commercial Capital,https://breakwatercommercialcapital.com,(844) 488-8939,info@breakwatercommercialcapital.com,phone_email,Boston,MA,2,False,Breakwater Commercial Capital provides hard money loans for residential and commercial projects with fast approval and flexible terms.,100000,20000000,0.75,,0.0999,,,,9,24,True,,,,none,,True,brave_search,MA|ME,bridge|fix_flip|ground_up,$100K – $20M,75%,,10%,,9 – 24 mo
355,breclawlenders.com,Breclaw Capital,https://breclawlenders.com,(708) 680-2090,al@breclawlenders.com,phone_email,Chicago,IL,1,False,"Breclaw Capital is a private money lender specializing in hard money loans, fix and flip loans, cash out refinancing, and multifamily property loans.",,,0.9,0.65,,,,,,,,,,,none,,True,brave_search,IL,cash_out|fix_flip|multifamily,,90%,65%,,,
356,brickwoodmortgage.com,"BrickWood Mortgage, Inc.",https://brickwoodmortgage.com,(843) 314-4101,phankins@brickwoodinc.com,phone_email,Surfside Beach,SC,1,False,"BrickWood Mortgage, Inc. is a full service mortgage broker in South Carolina offering personalized service for home purchases and refinancing.",,5000000,,,0.055,0.0624,,,,,,MNMLS #189497,,2007,,,False,brave_search,SC,bridge|cash_out|commercial|construction|dscr|multifamily|refi|rental,$5M,,,6% – 6%,,
357,bridgeloanstore.com,Bridge Loan Store,https://bridgeloanstore.com,(503) 376-7303,,phone_only,Portland,OR,51,True,"Bridge Loan Store is a mortgage banking firm, founded in 1997, lending on commercial and business real estate in all 50 states.",500000,50000000,0.75,,0.043,0.13,,,12,36,True,,,1997,,,False,brave_search,AK|AL|AR|AZ|CA|CO|CT|DC|DE|FL|GA|HI|IA|ID|IL|IN|KS|KY|LA|MA|MD|ME|MI|MN|MO|MS|MT|NC|ND|NE|NH|NJ|NM|NV|NY|OH|OK|OR|PA|RI|SC|SD|TN|TX|UT|VA|VT|WA|WI|WV|WY,bridge|commercial|multifamily,$500K – $50M,75%,,4% – 13%,,12 – 36 mo
358,bridgesouthinvestments.com,Bridge South Investments,https://bridgesouthinvestments.com,(615) 863-3999,bridgesouthinvestments@gmail.com,phone_email,Nashville,TN,1,False,"Bridge South Investments focuses on originating hard money loans, bridge loans, and DSCR Rental loans to Real Estate Investors.",,,,,,,,,,,,,True,,,,False,brave_search,TN,bridge|brrrr|construction|dscr|fix_flip|multifamily,,,,,,
9,bridgewellcapital.com,BridgeWell Capital,https://bridgewellcapital.com,(407) 447-5000,loans@bridgewellcapital.com,phone_email,Orlando,FL,23,False,BridgeWell Capital is a hard money lender specializing in providing capital to real estate investors with flexible loan terms and fast approvals.,100000,2000000,0.75,,0.1,0.13,1.5,3.0,12,60,,,,2008,hard_pull,620,False,brave_search,CO|CT|FL|GA|IA|ID|IL|IN|KS|KY|MA|MI|NC|NH|OH|OK|PA|SC|TN|TX|VA|WI|WY,cash_out|commercial|fix_flip,$100K – $2M,75%,,10% – 13%,1.5 – 3 pts,12 – 60 mo
359,brookviewfinancial.com,"Brookview Financial, Inc.",https://brookviewfinancial.com,(877) 734-2211,getfunded@brookviewfinancial.com,phone_email,Hamden,CT,51,True,"Brookview Financial is a seasoned boutique private lender providing creative quick-close financing solutions for real estate projects, including fix & flip and commercial bridge loans.",75000,1500000,0.7,,0.0999,0.1299,1.0,3.0,1,13,True,,,1992,hard_pull,660,False,brave_search,AK|AL|AR|AZ|CA|CO|CT|DC|DE|FL|GA|HI|IA|ID|IL|IN|KS|KY|LA|MA|MD|ME|MI|MN|MO|MS|MT|NC|ND|NE|NH|NJ|NM|NV|NY|OH|OK|OR|PA|RI|SC|SD|TN|TX|UT|VA|VT|WA|WI|WV|WY,bridge|fix_flip,$75K – $1.5M,70%,,10% – 13%,1 – 3 pts,1 – 13 mo
360,builderstrustcapital.com,Builders Trust Capital,https://builderstrustcapital.com,(856) 422-3232,,phone_only,Turnersville,NJ,6,False,"Builders Trust Capital is a private real estate lender specializing in hard money loans for renovation, rental, and new construction projects.",50000,3000000,0.9,0.75,0.09,0.115,1.5,,,,,,,2016,,,False,brave_search,DC|FL|MD|NJ|PA|VA,construction|rental,$50K – $3M,90%,75%,9% – 12%,1.5 pts,
361,businessfundingknight.com,Business Funding Knight,https://businessfundingknight.com,(720) 664-8691,,phone_only,,,51,True,"Business Funding Knight helps owners get fast funding through various loan options including term loans, credit lines, and DSCR loans.",5000,5000000,,,,,,,,,,,,,soft_pull,,True,brave_search,AK|AL|AR|AZ|CA|CO|CT|DC|DE|FL|GA|HI|IA|ID|IL|IN|KS|KY|LA|MA|MD|ME|MI|MN|MO|MS|MT|NC|ND|NE|NH|NJ|NM|NV|NY|OH|OK|OR|PA|RI|SC|SD|TN|TX|UT|VA|VT|WA|WI|WV|WY,commercial|dscr|fix_flip|rental,$5K – $5M,,,,,
266,c2rcapital.com,C2R Capital,https://c2rcapital.com,(713) 808-9563,info@c2rcapital.com,phone_email,,,51,True,"C2R Capital provides fast, flexible capital for commercial real estate projects, focusing on bridge loans, note purchases, and mezzanine loans.",2000000,20000000,0.65,,0.11,0.12,,,12,24,,,,,,,False,brave_search,AK|AL|AR|AZ|CA|CO|CT|DC|DE|FL|GA|HI|IA|ID|IL|IN|KS|KY|LA|MA|MD|ME|MI|MN|MO|MS|MT|NC|ND|NE|NH|NJ|NM|NV|NY|OH|OK|OR|PA|RI|SC|SD|TN|TX|UT|VA|VT|WA|WI|WV|WY,bridge,$2M – $20M,65%,,11% – 12%,,12 – 24 mo
143,caffreyloans.com,Caffrey & Company LLC,https://caffreyloans.com,(913) 402-7077,mike@caffreyloans.com,phone_email,Leawood,KS,51,True,Caffrey & Company LLC specializes in providing commercial real estate loans for various property types nationwide.,1000000,100000000,0.85,,0.053,0.0759,,,60,360,True,,,2000,,,False,brave_search,AK|AL|AR|AZ|CA|CO|CT|DC|DE|FL|GA|HI|IA|ID|IL|IN|KS|KY|LA|MA|MD|ME|MI|MN|MO|MS|MT|NC|ND|NE|NH|NJ|NM|NV|NY|OH|OK|OR|PA|RI|SC|SD|TN|TX|UT|VA|VT|WA|WI|WV|WY,bridge|commercial|construction|multifamily|refi,$1M – $100M,85%,,5% – 8%,,60 – 360 mo
69,californiahardmoneydirect.net,California Hard Money Direct,https://californiahardmoneydirect.net,(800) 571-0887,loans@californiahardmoneydirect.com,phone_email,,CA,1,False,"California Hard Money Direct is a fast, reliable hard money lender in California, offering competitive pricing and quick approvals for various types of real estate loans.",50000,20000000,0.75,,0.0899,0.105,1.0,4.0,3,30,True,,,,none,,True,brave_search,CA,bridge|commercial|fix_flip|multifamily|refi|rental,$50K – $20M,75%,,9% – 10%,1 – 4 pts,3 – 30 mo
273,cplenders.com,California Private Lenders,https://cplenders.com,(818) 584-2320,info@cplenders.com,phone_email,Calabasas,CA,1,False,California Private Lenders is an equity-based lender specializing in short-term bridge loans secured by residential and commercial properties.,,,,,0.08,0.12,,,,,,684321,,2008,none,,True,brave_search,CA,bridge|commercial|fix_flip|rental,,,,8% – 12%,,
362,calprivate.bank,CalPrivate Bank,https://calprivate.bank,(619) 230-2800,,phone_only,San Diego,CA,1,False,"CalPrivate Bank offers customized Commercial Real Estate Loans, prepared to help businesses purchase or improve real property.",,,,,,,,,,,,,,,,,False,brave_search,CA,commercial,,,,,,
416,joemetzler.com,Cambria Mortgage,https://joemetzler.com,(651) 552-3681,,phone_only,,,8,False,"Cambria Mortgage offers a variety of mortgage solutions including home purchase and refinance options, with a focus on personalized service and competitive rates.",,,,,,,,,,,,,,,soft_pull,,True,brave_search,AZ|CO|FL|IA|MN|ND|SD|WI,bridge|brrrr|cash_out|commercial|construction|dscr|fix_flip|ground_up|multifamily|refi|rental,,,,,,
194,cambridgecapital.org,Cambridge Capital,https://cambridgecapital.org,(800) 826-5077,info@cambridgecapital.org,phone_email,,,9,False,"Cambridge Capital provides exceptional outcomes for investors and borrowers through commercial real estate loans, including hard money, DSCR, and fix and flip loans.",100000,100000000,1.0,,,,,,12,36,True,,,1998,none,,True,brave_search,AK|AL|AR|AZ|CA|CO|CT|DE|FL,bridge|commercial|construction|dscr|fix_flip|ground_up|multifamily|refi|rental,$100K – $100M,100%,,,,12 – 36 mo
11,cambridgehomeloan.com,Cambridge Home Loan,https://cambridgehomeloan.com,(800) 826-5077,info@cambridgehomeloan.com,phone_email,,,46,False,"Cambridge Home Loan offers hard money loans for real estate investors, including fix and flip, bridge, and multifamily loans.",,,,,,,,,,,,,,,,,False,brave_search,AL|AR|AZ|CA|CO|CT|DC|DE|FL|GA|HI|IA|ID|IL|IN|KS|KY|LA|MA|MD|ME|MI|MN|MO|MS|MT|NC|NE|NH|NJ|NM|NV|NY|OH|OK|OR|PA|SC|TN|TX|UT|VA|VT|WI|WV|WY,bridge|commercial|dscr|fix_flip|multifamily,,,,,,
233,hardmoneylasvegas.com,Capella Mortgage,https://hardmoneylasvegas.com,(702) 214-4700,boss@capellamail.com,phone_email,Las Vegas,NV,2,False,Capella Mortgage is a premier hard money lender specializing in fast and easy funding for various real estate projects.,,,,,,,,,,,,372157,,1996,,,False,brave_search,AZ|NV,commercial|construction|fix_flip,,,,,,
267,capbridgepartners.com,"Capital Bridge Partners, Inc.",https://capbridgepartners.com,(415) 820-4770,info@capbridgepartners.com,phone_email,San Francisco,CA,1,False,"Capital Bridge Partners specializes in private real estate lending, offering custom-tailored loans including bridge loans, construction loans, and fix & flip loans.",100000,12000000,,,0.1099,,,,12,24,,1922416,,2008,,,False,brave_search,CA,bridge|cash_out|construction|fix_flip,$100K – $12M,,,11%,,12 – 24 mo
16,capitalfund1.com,Capital Fund 1,https://capitalfund1.com,(866) 999-0398,,phone_only,Scottsdale,AZ,6,False,Capital Fund 1 is a hard money lender providing quick funding solutions for real estate investors across several states.,,,0.95,,0.0899,,,,6,36,,396288,,2009,soft_pull,,True,brave_search,AZ|CO|GA|NC|TN|TX,bridge|cash_out|construction|fix_flip|multifamily|refi|rental,,95%,,9%,,6 – 36 mo
103,capitalfunding.com,Capital Funding,https://capitalfunding.com,(866) 999-2011,info@capitalfunding.com,phone_email,Boca Raton,FL,3,False,"Capital Funding is a nationwide, direct private money lender specializing in fast and reliable closings for real estate investors.",200000,100000000,0.9,,0.065,0.0875,1.5,3.5,6,36,True,1500207,,,hard_pull,660,False,brave_search,CA|FL|TX,bridge|construction|dscr|fix_flip|multifamily|rental,$200K – $100M,90%,,6% – 9%,1.5 – 3.5 pts,6 – 36 mo
195,capitalfundingfinancial.com,Capital Funding Financial,https://capitalfundingfinancial.com,(866) 999-2011,info@capitalfunding.com,phone_email,Boca Raton,FL,3,False,"Capital Funding is a nationwide, direct private money lender specializing in fast and reliable closings for real estate investors.",,,,,,,,,,,,1500207,,,,,False,brave_search,CA|FL|TX,bridge|construction|dscr|fix_flip|multifamily,,,,,,
268,capitalhomemortgage.com,Capital Home Mortgage,https://capitalhomemortgage.com,(800) 804-5181,info@capitalhomemortgage.com,phone_email,Miramar Beach,FL,51,True,"Capital Home Mortgage is a full-service mortgage lender offering a complete line of home loans including FHA, VA, USDA, and construction loans.",100000,3000000,0.85,,,,,,,,True,2723764,,,hard_pull,620,False,brave_search,AK|AL|AR|AZ|CA|CO|CT|DC|DE|FL|GA|HI|IA|ID|IL|IN|KS|KY|LA|MA|MD|ME|MI|MN|MO|MS|MT|NC|ND|NE|NH|NJ|NM|NV|NY|OH|OK|OR|PA|RI|SC|SD|TN|TX|UT|VA|VT|WA|WI|WV|WY,cash_out|construction|refi,$100K – $3M,85%,,,,
144,capitalinvestorsdirect.com,Capital Investors Direct,https://capitalinvestorsdirect.com,(800) 348-8120,info@capitalinvestorsdirect.com,phone_email,Rockville,MD,51,True,Capital Investors Direct is a leading commercial real estate investment advisory firm offering customized loan solutions for various commercial properties across the United States.,75000,5500000,0.95,,0.075,,,,1,120,True,,,,hard_pull,620,False,brave_search,AK|AL|AR|AZ|CA|CO|CT|DC|DE|FL|GA|HI|IA|ID|IL|IN|KS|KY|LA|MA|MD|ME|MI|MN|MO|MS|MT|NC|ND|NE|NH|NJ|NM|NV|NY|OH|OK|OR|PA|RI|SC|SD|TN|TX|UT|VA|VT|WA|WI|WV|WY,bridge|commercial|construction|fix_flip|multifamily|refi|rental,$75K – $5.5M,95%,,8%,,1 – 120 mo
363,capitalthreesixty.com,Capital Three Sixty,https://capitalthreesixty.com,(866) 673-2300,,phone_only,Avon,CT,17,False,"Capital Three Sixty offers a range of lending solutions for residential investment and commercial properties, specializing in fix and flip, ground up construction, and long-term DSCR loans.",75000,15000000,0.95,0.75,0.0999,0.1299,1.5,3.0,6,36,True,,,,hard_pull,680,False,brave_search,CT|FL|GA|MA|MD|ME|NC|NH|NJ|NY|OH|PA|RI|SC|TN|TX|VA,bridge|construction|fix_flip|rental,$75K – $15M,95%,75%,10% – 13%,1.5 – 3 pts,6 – 36 mo
72,capitalton.com,Capital Ton LLC,https://capitalton.com,(813) 303-0808,info@capitalton.com,phone_email,Siesta Key,FL,24,False,"Capital Ton specializes in non-owner occupied investment property loans for real estate investors, providing access to reliable financing for building investment property portfolios.",100000,50000000,0.9,0.7,0.079,0.1,,,6,12,True,,,,hard_pull,680,False,brave_search,AL|AR|CO|FL|GA|IA|IL|IN|KS|KY|MA|MO|NE|NH|NM|OH|OK|PA|RI|SC|TN|TX|WA|WI,dscr|fix_flip|rental,$100K – $50M,90%,70%,8% – 10%,,6 – 12 mo
118,capstonelending.com,Capstone Capital Partners,https://capstonelending.com,(512) 257-1330,,phone_only,Cedar Park,TX,1,False,"Capstone Capital Partners is a family-owned private hard money lender in Texas, providing fast and flexible loan options for residential and commercial projects since 2006.",100000,5000000,0.7,,0.1,0.12,3.0,4.0,12,24,True,,,2006,,,False,brave_search,TX,bridge|construction|fix_flip|multifamily|rental,$100K – $5M,70%,,10% – 12%,3 – 4 pts,12 – 24 mo
177,carolinahardmoney.com,Carolina Capital Management,https://carolinahardmoney.com,(803) 831-2262,,phone_only,Rock Hill,SC,7,False,Carolina Capital Management is a hard money lender serving the needs of the real estate investor and the small builder borrower who is striving to build wealth and generate income for themselves and their families.,75000,5000000,0.75,0.7,0.0799,0.1199,3.0,3.5,3,12,True,,True,,,,False,brave_search,FL|GA|NC|SC|TN|TX|VA,commercial|fix_flip|ground_up|rental,$75K – $5M,75%,70%,8% – 12%,3 – 3.5 pts,3 – 12 mo
269,catalystfdg.com,"Catalyst Funding, LLC",https://catalystfdg.com,(832) 699-6960,info@catalystfdg.com,phone_email,Houston,TX,1,False,"Catalyst Funding is your One-Stop Shop for Hard Money & Permanent Financing Loans, offering a wide range of investor-specific loan products.",,,0.8,,,,,,,,,,,2012,soft_pull,,True,brave_search,TX,dscr|rental,,80%,,,,
406,hardmoneypgh.com,"CCC Holdings, LLC",https://hardmoneypgh.com,(412) 638-9980,info@hardmoneypgh.com,phone_email,,PA,1,False,"CCC Holdings provides hard money loans for real estate investors in the Pittsburgh area, focusing on purchase and rehab financing.",90000,600000,0.7,,,,2.0,,6,12,True,,,,,,False,brave_search,PA,fix_flip,$90K – $600K,70%,,,2 pts,6 – 12 mo
44,centerstreetlending.com,Center Street Lending,https://centerstreetlending.com,(949) 244-1090,,phone_only,,,42,False,"Center Street Lending offers a variety of real estate investment loans including fix and flip, new construction, bridge, and DSCR long-term rental loans.",75000,13000000,0.9,,0.0875,0.09,,,6,30,,905781,,2010,hard_pull,640,False,brave_search,AL|AR|AZ|CA|CO|CT|DE|FL|GA|HI|IA|IL|IN|KS|KY|LA|MA|MD|ME|MI|MO|MS|MT|NC|NE|NH|NJ|NM|NY|OH|OK|OR|PA|RI|SC|TN|TX|VA|WA|WI|WV|WY,bridge|dscr|fix_flip,$75K – $13M,90%,,9% – 9%,,6 – 30 mo
364,centrallending.com,"Central Lending, LLC",https://centrallending.com,(863) 276-1220,,phone_only,Lakeland,FL,33,False,"Central Lending offers fast and reliable financing solutions for real estate investors, including bridge loans, rehab loans, and ground-up construction loans.",0,1000000,0.85,0.65,0.0999,,,,12,24,True,,,,soft_pull,,True,brave_search,AL|CO|CT|DE|FL|GA|HI|IA|IL|IN|KY|LA|MA|MD|MI|MO|MS|NC|NE|NH|NJ|NY|OH|OK|PA|RI|SC|TN|TX|WA|WI|WV|WY,bridge|dscr|fix_flip|ground_up,$1M,85%,65%,10%,,12 – 24 mo
57,cetanfunds.com,Cetan Funds,https://cetanfunds.com,(458) 215-3200,,phone_only,Eugene,OR,1,False,"Cetan Funds is a private money lender in Oregon specializing in fix and flip projects, residential and commercial construction, and other real estate investments.",,5000000,0.75,,0.12,0.12,2.0,3.0,6,24,,1584481,,2017,hard_pull,540,False,brave_search,OR,bridge|commercial|construction|fix_flip|multifamily|rental,$5M,75%,,12%,2 – 3 pts,6 – 24 mo
365,citycreekmortgage.com,City Creek Mortgage,https://citycreekmortgage.com,(801) 501-7950,mike@citycreekmortgage.com,phone_email,Draper,UT,1,False,"City Creek Mortgage is a licensed mortgage brokerage in Utah, focused on making home loans more affordable and transparent for home buyers.",,,,,,,,,,,,85855,,1998,none,,True,brave_search,UT,bridge|commercial|dscr|refi|rental,,,,,,
196,clearhouselending.com,Clear House Lending,https://clearhouselending.com,(800) 684-3964,,phone_only,,,51,True,"Clear House Lending connects real estate investors and developers with the right lender from a network of over 6,000 private capital sources, offering bridge, DSCR, SBA, hard money, and construction loans.",100000,500000000,0.75,,0.0975,0.1475,,,1,300,True,,,,none,,True,brave_search,AK|AL|AR|AZ|CA|CO|CT|DC|DE|FL|GA|HI|IA|ID|IL|IN|KS|KY|LA|MA|MD|ME|MI|MN|MO|MS|MT|NC|ND|NE|NH|NJ|NM|NV|NY|OH|OK|OR|PA|RI|SC|SD|TN|TX|UT|VA|VT|WA|WI|WV|WY,bridge|cash_out|commercial|construction|dscr|refi,$100K – $500M,75%,,10% – 15%,,1 – 300 mo
366,clearaz.com,Clear Mortgage,https://clearaz.com,(480) 777-1230,,phone_only,Tempe,AZ,2,False,"Clear Mortgage specializes in hard money loans for real estate investors, offering fix and flip, bridge, and new construction loans with fast funding.",,,,,,,,,,,True,149378,,2008,none,,True,brave_search,AZ|UT,bridge|construction|fix_flip,,,,,,
367,clevelandmtg.com,Cleveland Mortgage Corporation,https://clevelandmtg.com,(440) 638-2400,,phone_only,Strongsville,OH,1,False,"Cleveland Mortgage Corporation offers a variety of mortgage solutions including construction loans, VA loans, and refinancing options, focusing on providing excellent service and support to borrowers.",,,0.9,,,,,,,,,1652918,,,none,,True,brave_search,OH,construction|refi,,90%,,,,
119,coastalequitygroup.com,Coastal Equity Group,https://coastalequitygroup.com,(843) 737-0182,info@coastalequitygroup.com,phone_email,Charleston,SC,6,False,"Coastal Equity Group is a private equity fund and hard money lender serving the Southeast states, specializing in real estate investment loans for both new and experienced investors.",150000,5000000,0.8,,,,,,12,18,True,,,,none,,True,brave_search,FL|GA|KY|NC|SC|TN,bridge|construction|dscr|fix_flip|multifamily,$150K – $5M,80%,,,,12 – 18 mo
227,colonial-capital.com,"Colonial Capital, LLC",https://colonial-capital.com,(602) 224-0745,info@colonial-capital.com,phone_email,Phoenix,AZ,1,False,Colonial Capital is a direct private lender specializing in asset-backed short-term bridge financing for real estate investors.,250000,19000000,0.75,,0.08,0.14,1.0,4.0,6,24,True,,,2003,none,,True,brave_search,AZ,bridge|fix_flip|multifamily|rental,$250K – $19M,75%,,8% – 14%,1 – 4 pts,6 – 24 mo
369,coloradofixandfliploans.com,Colorado Fix & Flip Loans,https://coloradofixandfliploans.com,(800) 664-7505,,phone_only,Denver,CO,1,False,"Colorado Fix & Flip Loans specializes in fast, flexible hard money loans for real estate investors, including fix and flip, bridge, and ground-up construction loans.",100000,60000000,0.9,0.85,0.068,,,,3,36,True,,,,none,,True,brave_search,CO,bridge|commercial|construction|fix_flip|ground_up,$100K – $60M,90%,85%,7%,,3 – 36 mo
83,coloradohardmoney.com,Colorado Hard Money,https://coloradohardmoney.com,(303) 459-6061,info@fairviewlending.com,phone_email,Evergreen,CO,1,False,"Colorado Hard Money specializes in private real estate loans, including bridge loans and hard money loans, with quick closing times and no upfront fees.",50000,1500000,0.6,,,,,,,180,,,,1975,none,,True,brave_search,CO,bridge|commercial|multifamily|rental,$50K – $1.5M,60%,,,,180 mo
228,commercialdscrloans.com,Commercial DSCR Loans,https://commercialdscrloans.com,,,web_only,,,3,False,"Finance your investment properties based on cash flow, not personal income.",55000,150000,,,,,,,,,,,,,hard_pull,620,False,brave_search,WI|WV|WY,brrrr|dscr,$55K – $150K,,,,,
178,commercialmortgagemark.com,Commercial Mortgage Unlimited LLC,https://commercialmortgagemark.com,(201) 925-3470,mark@commercialmortgageunlimited.com,phone_email,Glen Rock,NJ,3,False,"Commercial Mortgage Unlimited offers a wide range of commercial and residential loans, including hard money and bridge loans, with flexible documentation requirements.",35000,100000000,0.8,,0.0725,0.12,1.0,5.0,1,36,True,,,,hard_pull,620,False,brave_search,FL|NJ|NY,bridge|cash_out|commercial|construction|fix_flip|ground_up|multifamily|refi|rental,$35K – $100M,80%,,7% – 12%,1 – 5 pts,1 – 36 mo
73,constlending.com,Constitution Lending,https://constlending.com,(203) 423-3534,lend@constlending.com,phone_email,Greenwich,CT,41,False,"Constitution Lending specializes in originating and purchasing real estate loans, providing tailored financing solutions for real estate investors.",150000,2500000,0.8,0.75,0.06,0.1049,,,,,True,1168701,,2018,,,False,brave_search,AL|AR|CA|CO|CT|DE|FL|GA|IA|ID|IL|IN|KS|KY|LA|MA|MD|ME|MI|MN|MO|MS|NC|NE|NH|NJ|NM|NY|OH|OR|PA|RI|SC|TN|TX|UT|VA|VT|WA|WI|WY,dscr|fix_flip,$150K – $2.5M,80%,75%,6% – 10%,,
272,corelendfinancial.com,CoreLend Financial,https://corelendfinancial.com,(901) 350-0685,alissa.fowler@corelendfinancial.com,phone_email,Memphis,TN,1,False,"CoreLend Financial is a hard money lender providing quick funding for real estate investors in the MidSouth, specializing in various loan products including fix and flip, bridge loans, and construction financing.",75000,,0.75,,0.065,0.0775,1.0,5.0,6,240,,1818623,,,hard_pull,660,False,brave_search,TN,bridge|construction|fix_flip|refi|rental,$75K,75%,,6% – 8%,1 – 5 pts,6 – 240 mo
23,corevestfinance.com,CoreVest American Finance Lender LLC,https://corevestfinance.com,(844) 223-2231,,phone_only,Irvine,CA,8,False,"CoreVest offers flexible financing solutions for real estate investors, including rental loans, bridge loans, and multifamily loans.",75000,50000000,0.9,,,,,,3,120,True,1627183,,,hard_pull,,False,brave_search,AL|CA|FL|NC|NY|TN|VA|WY,bridge|construction|fix_flip|multifamily|rental,$75K – $50M,90%,,,,3 – 120 mo
145,corridorfunding.com,Corridor Funding,https://corridorfunding.com,(210) 941-3916,,phone_only,Spring Branch,TX,8,False,Corridor Funding is a Texas-based hard money lender offering fast and flexible financing solutions for real estate investors.,,,0.8,,0.065,0.0899,2.0,2.0,12,30,True,,,2016,none,,True,brave_search,FL|GA|KS|MO|NC|SC|TN|TX,construction|fix_flip|rental,,80%,,6% – 9%,2 pts,12 – 30 mo
157,cplinvestments.com,CPL Investments,https://cplinvestments.com,(317) 836-2807,,phone_only,Carmel,IN,1,False,"CPL Investments is a hard money lender providing tailored loans for real estate investing, including fix and flip, short-term loans, and new construction.",,,,,,,,,,,,,,2010,,,False,brave_search,IN,construction|fix_flip,,,,,,
370,craft3.org,Craft3,https://craft3.org,(888) 231-2170,,phone_only,Portland,OR,2,False,"Craft3 provides flexible, mission-driven loans for businesses, homeowners, nonprofits, and communities, especially those overlooked by traditional lenders.",,4000000,,,0.07,0.105,1.0,2.5,6,24,True,390159,,1994,,,False,brave_search,OR|WA,bridge|construction,$4M,,,7% – 10%,1 – 2.5 pts,6 – 24 mo
371,creative-finance.com,"Creative Finance & Investments, LLC",https://creative-finance.com,(406) 721-1444,info@creative-finance.com,phone_email,Missoula,MT,4,False,"Creative Finance & Investments offers hard money lending focused on real estate in the Northwest region, providing competitive terms and quick closings.",50000,10000000,0.6,,0.1,0.13,3.0,6.0,6,36,True,,,1977,none,,True,brave_search,ID|MT|OR|WA,bridge|commercial|construction,$50K – $10M,60%,,10% – 13%,3 – 6 pts,6 – 36 mo
372,creativehardmoneylenders.com,Creative Hard Money Lending Group,https://creativehardmoneylenders.com,(314) 227-0382,,phone_only,,,51,True,"Creative Hard Money Lending Group offers fast and flexible hard money loans for real estate investors, including fix and flip, bridge, and rental loans.",50000,5000000,,,0.075,0.18,,,6,24,True,,,,none,,True,brave_search,AK|AL|AR|AZ|CA|CO|CT|DC|DE|FL|GA|HI|IA|ID|IL|IN|KS|KY|LA|MA|MD|ME|MI|MN|MO|MS|MT|NC|ND|NE|NH|NJ|NM|NV|NY|OH|OK|OR|PA|RI|SC|SD|TN|TX|UT|VA|VT|WA|WI|WV|WY,bridge|brrrr|construction|fix_flip|multifamily|rental,$50K – $5M,,,8% – 18%,,6 – 24 mo
17,crebrid.com,Crebrid Lending Solutions,https://crebrid.com,(972) 525-4777,info@crebrid.com,phone_email,Plano,TX,51,True,"Crebrid is a direct private lender offering fast and efficient financing solutions for real estate investors, including fix-and-flip, rental, and construction loans.",75000,5000000,0.9,,0.0573,0.0899,1.0,2.5,6,360,True,,,2013,hard_pull,640,False,brave_search,AK|AL|AR|AZ|CA|CO|CT|DC|DE|FL|GA|HI|IA|ID|IL|IN|KS|KY|LA|MA|MD|ME|MI|MN|MO|MS|MT|NC|ND|NE|NH|NJ|NM|NV|NY|OH|OK|OR|PA|RI|SC|SD|TN|TX|UT|VA|VT|WA|WI|WV|WY,construction|dscr|fix_flip|refi|rental,$75K – $5M,90%,,6% – 9%,1 – 2.5 pts,6 – 360 mo
373,creditsuite.com,Credit Suite,https://creditsuite.com,(877) 600-2487,info@creditsuite.com,phone_email,Tampa,FL,1,False,"Credit Suite helps businesses secure financing and build business credit, offering a range of loan products including commercial real estate and truck loans.",100000,20000000,0.75,,0.0775,0.3,,,24,72,,,,2014,hard_pull,620,False,brave_search,FL,bridge|commercial,$100K – $20M,75%,,8% – 30%,,24 – 72 mo
274,crosscountrylending.net,Cross Country Lending,https://crosscountrylending.net,(410) 883-5373,,phone_only,,MD,1,False,Cross Country Lending is a hard money lender in Maryland focused on helping real estate investors succeed with competitive rates and efficient loan approval.,,,,,0.12,,,,6,12,,,,,none,,True,brave_search,MD,bridge|fix_flip,,,,12%,,6 – 12 mo
179,crossroadsinvestmentlending.com,Crossroads Investment Lending,https://crossroadsinvestmentlending.com,(913) 766-2900,,phone_only,Overland Park,KS,1,False,"Crossroads Investment Lending provides fast and efficient hard money loans for fix and flip, bridge, cash-out, and DSCR financing.",50000,2000000,0.8,,0.139,,3.9,,6,360,True,,,2014,hard_pull,600,False,brave_search,KS,bridge|cash_out|dscr|fix_flip,$50K – $2M,80%,,14%,3.9 pts,6 – 360 mo
374,crowdlending.com,"Crowd Lending, Inc.",https://crowdlending.com,(800) 975-1260,info@crowdlending.com,phone_email,Quincy,MA,1,False,Crowd Lending is Boston’s go-to hard money lender that provides fast funding and clear terms for real estate investors and developers.,100000,3000000,,,,,,,,,,,,,,,False,brave_search,MA,fix_flip,$100K – $3M,,,,,
375,ctcmortgage.com,CTC Mortgage,https://ctcmortgage.com,(800) 610-3570,info@ctcmortgage.com,phone_email,West Palm Beach,FL,4,False,"CTC Mortgage provides a full range of loan options to help you purchase, refinance, or invest with confidence, specializing in VA, FHA, USDA, and DSCR loans.",,,,,,,,,,,,,,,hard_pull,680,False,brave_search,FL|GA|NC|SC,cash_out|dscr|refi,,,,,,
180,custommortgageinc.com,Custom Mortgage Inc,https://custommortgageinc.com,(877) 976-5669,info@c-mtg.com,phone_email,Encino,CA,5,False,"CMRE provides competitive rates for residential and commercial loans in all 50 states, offering 123+ loan programs including hard money and bridge loans.",50000,2000000,0.9,,0.099875,0.1399,1.0,3.0,6,36,True,1556995,,,hard_pull,600,False,brave_search,AZ|CA|FL|GA|TX,bridge|fix_flip|ground_up,$50K – $2M,90%,,10% – 14%,1 – 3 pts,6 – 36 mo
276,davidakrebs.com,DAK Mortgage,https://davidakrebs.com,(321) 239-2781,,phone_only,,FL,2,False,"DAK Mortgage is a licensed mortgage broker in Florida and California, specializing in a wide variety of lending products including bridge loans, cash-out refinancing, and commercial loans.",,,,,,,,,,,,,,,,,False,brave_search,CA|FL,bridge|cash_out|commercial|construction|dscr|fix_flip,,,,,,
376,daracap.com,Dara Capital Mortgage,https://daracap.com,(702) 840-1600,hello@daracap.com,phone_email,Las Vegas,NV,7,False,"Dara Capital Mortgage offers a variety of mortgage solutions including hard money loans, fix and flip loans, and commercial financing across multiple states.",,,,,,,,,,,,1547352,,,,,False,brave_search,AZ|CA|CO|FL|MN|NV|TX,commercial|fix_flip|multifamily,,,,,,
275,dashhomeloans.com,Dash Home Loans,https://dashhomeloans.com,(615) 249-1568,,phone_only,Raleigh,NC,5,False,"Dash Home Loans offers a simplified home loan process in the Southeast, including hard money loans for investment properties.",,,,,,,,,4,18,,,,,none,,True,brave_search,FL|NC|SC|TN|VA,fix_flip|refi,,,,,,4 – 18 mo
377,dealstreetcapital.com,Deal Street Capital,https://dealstreetcapital.com,(800) 555-4242,loans@dealstreetcapital.com,phone_email,,,34,False,Deal Street Capital is a dynamic mortgage company dedicated to helping real estate investors across the nation close more deals with tailored loan programs.,,,0.85,,0.08,0.12,,,6,18,,2111568,,,hard_pull,640,False,brave_search,AK|AL|AR|CO|CT|DC|DE|GA|HI|IA|IL|IN|KS|KY|LA|MA|MD|ME|MS|MT|NE|NH|NM|OH|OK|PA|RI|SC|TX|VA|WA|WI|WV|WY,brrrr|construction|dscr|fix_flip,,85%,,8% – 12%,,6 – 18 mo
378,delawarehomeloanpros.com,Delaware Home Loan Pros,https://delawarehomeloanpros.com,,info@delawarehomeloanpros.com,email_only,,DE,1,False,"Delaware Home Loan Pros simplifies the home loan process in Delaware, offering customized mortgage, refinance, and real estate investor loan solutions.",,,,,,,,,,,,2141784,,,,,False,brave_search,DE,bridge|brrrr|construction|dscr|fix_flip|refi,,,,,,
181,dfw-hardmoney.com,DFW Hard Money,https://dfw-hardmoney.com,(817) 200-7575,info@dfw-hardmoney.com,phone_email,Arlington,TX,12,False,"Experienced hard money lender providing trusted hard money loans for residential, commercial, and development properties across the USA.",150000,50000000,0.7,,0.12,0.13,2.0,3.5,6,12,True,,,2016,,,False,brave_search,AL|CO|FL|GA|KS|MO|NC|OK|SC|TN|TX|UT,bridge|commercial|construction|fix_flip|ground_up|multifamily,$150K – $50M,70%,,12% – 13%,2 – 3.5 pts,6 – 12 mo
277,dfwinvestorlending.com,"DFW Investor Lending, LLC",https://dfwinvestorlending.com,(214) 382-2676,info@dfwil.com,phone_email,Addison,TX,1,False,"DFW Investor Lending, LLC is a Dallas-based hard money lender specializing in providing fast and reliable financing solutions for real estate investors.",,,0.75,,0.1249,0.1399,2.0,3.0,1,12,True,,,,none,,True,brave_search,TX,bridge|commercial|fix_flip|multifamily|refi|rental,,75%,,12% – 14%,2 – 3 pts,1 – 12 mo
380,directcommercialfunding.com,Direct Commercial Funding INC,https://directcommercialfunding.com,(877) 293-7933,helpcenter@directcommercialfunding.com,phone_email,Houston,TX,1,False,"Direct Commercial Funding INC offers tailored financing solutions for commercial real estate, including hard money loans, bridge loans, and construction financing.",,,0.8,,,,,,,,,,,,,,False,brave_search,TX,bridge|construction,,80%,,,,
229,directlendingokc.com,Direct Lending,https://directlendingokc.com,(405) 413-8418,,phone_only,Oklahoma City,OK,1,False,"Specializing in both residential and commercial hard money loans for investors, wholesalers, and house flippers in Oklahoma City and surrounding areas.",50000,10000000,1.0,,0.115,,,,6,,,,,,hard_pull,,False,brave_search,OK,commercial|dscr|fix_flip|refi|rental,$50K – $10M,100%,,12%,,6 mo
158,districtlending.com,District Lending,https://districtlending.com,(888) 210-3964,info@districtlending.com,phone_email,Paradise Valley,AZ,12,False,"District Lending offers a variety of mortgage products including FHA, VA, Jumbo, Construction, and DSCR loans, focusing on providing competitive rates and a seamless application process.",,,,,,,,,,,,1835285,,,,,False,brave_search,AZ|CA|CO|FL|GA|ID|MN|NJ|OR|SC|TX|WA,construction|dscr|refi,,,,,,
379,dfiprivatelending.com,Diversified Funding Inc.,https://dfiprivatelending.com,(617) 212-8961,,phone_only,Boston,MA,7,False,"DFI is a private lender specializing in secured real estate loans for land developers, builders, and real estate investors in New England.",200000,10000000,,,0.01,,,,1,60,True,,,1974,none,,True,brave_search,CT|FL|MA|ME|NH|RI|VT,bridge|construction|fix_flip,$200K – $10M,,,1%,,1 – 60 mo
278,dixonlinkcapital.com,Dixon Link Capital LLC,https://dixonlinkcapital.com,(904) 853-7772,loans@dixonlinkcapital.com,phone_email,Jacksonville,FL,51,True,"Dixon Link Capital is a commercial mortgage brokerage and capital advisory firm specializing in commercial real estate financing solutions for developers, entrepreneurs, and investors nationwide.",,,,,,,,,,,,2029225,,,,,False,brave_search,AK|AL|AR|AZ|CA|CO|CT|DC|DE|FL|GA|HI|IA|ID|IL|IN|KS|KY|LA|MA|MD|ME|MI|MN|MO|MS|MT|NC|ND|NE|NH|NJ|NM|NV|NY|OH|OK|OR|PA|RI|SC|SD|TN|TX|UT|VA|VT|WA|WI|WV|WY,bridge|cash_out|commercial|construction|dscr|multifamily|refi,,,,,,
159,dkclending.com,DKC Lending,https://dkclending.com,(727) 977-8480,info@dkclending.com,phone_email,Clearwater,FL,1,False,"DKC Lending provides real estate investors with transparent, personalized funding for Fix & Flips, New Construction, and Rental Properties.",,,0.75,0.7,0.1,0.12,2.0,4.0,6,24,True,,,,,,False,brave_search,FL,cash_out|construction|dscr|fix_flip,,75%,70%,10% – 12%,2 – 4 pts,6 – 24 mo
104,dominionfinancialservices.com,Dominion Financial Services LLC,https://dominionfinancialservices.com,(410) 593-1413,loanservicing@thedominiongroup.com,phone_email,Baltimore,MD,50,False,"Dominion Financial Services is a private lender specializing in real estate investor loans, offering a variety of loan products including rental, fix and flip, and construction loans.",100000,,0.8,0.7,,,,,,,,898795,,2006,hard_pull,680,False,brave_search,AK|AL|AR|AZ|CA|CO|CT|DC|DE|FL|GA|HI|IA|ID|IL|IN|KS|KY|LA|MA|MD|ME|MI|MN|MO|MS|MT|NC|ND|NE|NH|NJ|NM|NY|OH|OK|OR|PA|RI|SC|SD|TN|TX|UT|VA|VT|WA|WI|WV|WY,bridge|construction|fix_flip|multifamily|rental,$100K,80%,70%,,,
197,drewmortgage.com,"Drew Mortgage Associates, Inc.",https://drewmortgage.com,(877) 949-3739,questions@drewmortgage.com,phone_email,Shrewsbury,MA,1,False,"Drew Mortgage Associates is a family-owned, privately-held direct mortgage lender offering a variety of home loan programs including fix and flip loans.",,,,,,,,,,,,2856,,,,,False,brave_search,MA,bridge|commercial|construction|fix_flip,,,,,,
381,dscrinvestors.net,DSCR Investors Network,https://dscrinvestors.net,(877) DSCR-NET,,phone_only,,,5,False,Professional financing solutions for real estate investors focusing on DSCR loans and fix-and-flip loans.,50000,5000000,0.8,,,,,,6,36,True,,,,none,,True,brave_search,FL|GA|NY|OH|TX,dscr|fix_flip,$50K – $5M,80%,,,,6 – 36 mo
382,eastsidefunding.com,Eastside Funding,https://eastsidefunding.com,(425) 230-0000,info@eastsidefunding.com,phone_email,Kirkland,WA,1,False,"Eastside Funding offers hard money loans for real estate investors, including fix and flip, refinance, rehab, new construction, and bridge loans.",,,,,0.1,,,,,,True,,,2005,,,False,brave_search,WA,bridge|fix_flip|refi,,,,10%,,
3,easystreetcap.com,Easy Street Capital,https://easystreetcap.com,(866) 828-0062,,phone_only,,,48,False,"Easy Street Capital provides investment real estate financing, helping investors execute profitable fix-and-flip, DSCR rental, and new construction deals with flexibility, speed, and certainty.",,,0.9,,0.0575,0.089,,,,,,2167568,,,,,False,brave_search,AK|AL|AR|AZ|CA|CO|CT|DE|FL|GA|HI|IA|ID|IL|IN|KS|KY|LA|MA|MD|ME|MI|MN|MO|MS|MT|NC|NE|NH|NJ|NM|NV|NY|OH|OK|OR|PA|RI|SC|TN|TX|UT|VA|VT|WA|WI|WV|WY,construction|dscr|fix_flip,,90%,,6% – 9%,,
383,elixirmortgagelending.com,Elixir Mortgage Lending,https://elixirmortgagelending.com,(800) 558-0496,ataali@elixirmortgagelending.com,phone_email,Aliso Viejo,CA,1,False,"Elixir Mortgage Lending offers a full range of lending solutions including hard money loans, VA loans, and investment property financing.",,,,,,,,,,,,1704105,,,,,False,brave_search,CA,bridge|dscr,,,,,,
384,embassynationalbank.com,Embassy National Bank,https://embassynationalbank.com,(770) 822-9111,loans@embassynationalbank.com,phone_email,Lawrenceville,GA,1,False,"Embassy National Bank specializes in providing residential construction loans, commercial loans, and SBA lending to support community growth.",,,0.75,,,,,,12,24,,1205048,,,,,False,brave_search,GA,construction,,75%,,,,12 – 24 mo
385,emeraldcreekcapital.com,Emerald Creek Capital,https://emeraldcreekcapital.com,(800) 313-2616,info@emeraldcreekcapital.com,phone_email,New York,NY,51,True,Emerald Creek Capital provides short-term loans secured by real estate in primary markets nationwide.,2000000,75000000,0.65,,0.0345,,,,12,36,True,,,2009,,,False,brave_search,AK|AL|AR|AZ|CA|CO|CT|DC|DE|FL|GA|HI|IA|ID|IL|IN|KS|KY|LA|MA|MD|ME|MI|MN|MO|MS|MT|NC|ND|NE|NH|NJ|NM|NV|NY|OH|OK|OR|PA|RI|SC|SD|TN|TX|UT|VA|VT|WA|WI|WV|WY,bridge|cash_out|refi,$2M – $75M,65%,,3%,,12 – 36 mo
386,emortgagehi.com,eMortgage Hawaii,https://emortgagehi.com,(808) 334-6201,kurt@emortgagehi.com,phone_email,Kailua Kona,HI,1,False,"eMortgage Hawaii offers a variety of mortgage solutions including DSCR loans, construction loans, and commercial loans to assist clients in their real estate financing needs.",,,,,,,,,,,True,763350,,,,,False,brave_search,HI,commercial|construction|dscr,,,,,,
13,equitymax.com,EquityMax,https://equitymax.com,(954) 267-9103,info@equitymax.com,phone_email,Ft. Lauderdale,FL,7,False,"EquityMax offers a broad range of hard money and private money loans for real estate investors across the United States, specializing in quick financing solutions.",15000,1000000,0.8,0.65,0.1199,,2.0,,,204,,1523517,,1990,none,,True,brave_search,FL|GA|IL|NC|SC|TN|TX,bridge|cash_out|construction|fix_flip,$15K – $1M,80%,65%,12%,2 pts,204 mo
105,expresscapitalfinancing.com,Express Capital Financing,https://expresscapitalfinancing.com,(718) 285-0806,,phone_only,Brooklyn,NY,51,True,"Express Capital Financing specializes in providing fast and flexible hard money loans for real estate investors, including fix and flip, construction, and DSCR loans.",50000,10000000,0.9,,0.0999,,2.0,,12,36,,,,,hard_pull,600,False,brave_search,AK|AL|AR|AZ|CA|CO|CT|DC|DE|FL|GA|HI|IA|ID|IL|IN|KS|KY|LA|MA|MD|ME|MI|MN|MO|MS|MT|NC|ND|NE|NH|NJ|NM|NV|NY|OH|OK|OR|PA|RI|SC|SD|TN|TX|UT|VA|VT|WA|WI|WV|WY,bridge|commercial|dscr|fix_flip|ground_up|multifamily,$50K – $10M,90%,,10%,2 pts,12 – 36 mo
387,ezrafinancial.com,Ezra Financial,https://ezrafinancial.com,(305) 767-1978,info@ezrafinancial.com,phone_email,Miami,FL,51,True,"Ezra Financial is a leading expert in commercial and residential real estate lending, offering tailored financing solutions for property investment across the U.S.",250000,2500000,0.9,,0.085,0.0999,,,12,18,,,,2017,none,,True,brave_search,AK|AL|AR|AZ|CA|CO|CT|DC|DE|FL|GA|HI|IA|ID|IL|IN|KS|KY|LA|MA|MD|ME|MI|MN|MO|MS|MT|NC|ND|NE|NH|NJ|NM|NV|NY|OH|OK|OR|PA|RI|SC|SD|TN|TX|UT|VA|VT|WA|WI|WV|WY,fix_flip|ground_up|rental,$250K – $2.5M,90%,,8% – 10%,,12 – 18 mo
388,failla.com,Failla Funding,https://failla.com,(718) 966-6760,ffunding@aol.com,phone_email,Staten Island,NY,1,False,"Failla Funding specializes in arranging mortgages for both residential and commercial property owners, offering various funding solutions including hard money loans and bridge loans.",100000,40000000,0.65,,,,,,3,24,True,,,1988,,,False,brave_search,NY,bridge|commercial|construction|dscr|fix_flip,$100K – $40M,65%,,,,3 – 24 mo
60,fairviewlending.com,Fairview Commercial Lending,https://fairviewlending.com,(866) 634-1270,info@fairviewlending.com,phone_email,Marietta,GA,3,False,"Fairview Commercial Lending is a privately funded direct hard money lender offering fast, flexible private money and bridge loans on residential and commercial investment properties.",,,,,,,,,,,,,,1975,none,,True,brave_search,CO|FL|GA,bridge|cash_out|commercial|fix_flip|multifamily|refi|rental,,,,,,
133,georgiahardmoney.com,Fairview Commercial Lending,https://georgiahardmoney.com,(404) 634-1270,,phone_only,Marietta,GA,1,False,Fairview Commercial Lending is a privately funded hard money lender specializing in commercial and residential loans throughout Georgia.,30000,350000,0.5,,,,,,,,True,,,1975,none,,True,brave_search,GA,bridge|commercial|multifamily|rental,$30K – $350K,50%,,,,
198,fpllending.com,Fast Pinnacle Lending,https://fpllending.com,(832) 295-3700,info@fpllending.com,phone_email,Stafford,TX,45,False,"Fast Pinnacle Lending offers hard money loans, including DSCR, bridge, and construction loans, tailored for real estate investors.",,,0.9,,,,,,,,,,,,none,,True,brave_search,AK|AL|AZ|CA|CO|DC|FL|GA|HI|IA|ID|IL|IN|KS|KY|LA|MA|MD|MI|MN|MO|MT|NC|ND|NE|NH|NJ|NM|NV|NY|OH|OK|OR|PA|RI|SC|SD|TN|TX|UT|VA|WA|WI|WV|WY,bridge|construction|dscr|fix_flip,,90%,,,,
389,fastdscrloans.com,FastDSCRLoans,https://fastdscrloans.com,,,web_only,,,50,False,We specialize in helping real estate investors secure DSCR loans quickly and efficiently.,,,,,,,,,,,,,,,none,,True,brave_search,AK|AL|AR|AZ|CA|CO|CT|DE|FL|GA|HI|IA|ID|IL|IN|KS|KY|LA|MA|MD|ME|MI|MN|MO|MS|MT|NC|ND|NE|NH|NJ|NM|NV|NY|OH|OK|OR|PA|RI|SC|SD|TN|TX|UT|VA|VT|WA|WI|WV|WY,dscr,,,,,,
160,fasterfundslending.com,FasterFunds Lending,https://fasterfundslending.com,(636) 223-4262,,phone_only,O’Fallon,MO,1,False,"FasterFunds Lending specializes in hard money loans for real estate investors in the St. Louis area, offering quick funding and in-house processing.",,,0.75,,,,,,,,,,,2015,,,False,brave_search,MO,brrrr|fix_flip,,75%,,,,
138,rehablender.net,"FBC Funding, LLC",https://rehablender.net,(888) 848-3114,funding@fbcfunding.com,phone_email,Chicago,IL,1,False,"FBC Funding is a hard money and rehab lender offering a variety of loan programs for real estate investors, including fix and flip, bridge loans, and commercial funding.",100000,10000000,0.9,0.75,,,,,12,24,True,,,1978,hard_pull,600,False,brave_search,IL,bridge|brrrr|commercial|construction|dscr|fix_flip,$100K – $10M,90%,75%,,,12 – 24 mo
390,fbfloans.com,Fidelity Bancorp Funding,https://fbfloans.com,(877) 585-3863,,phone_only,Costa Mesa,CA,1,False,"Fidelity Bancorp Funding is a trusted source for commercial real estate financing, offering bridge and permanent loans with competitive rates and flexible terms.",1800000,20000000,0.75,,0.0875,,,,6,24,True,268792,,1998,hard_pull,,False,brave_search,CA,bridge|dscr,$1.8M – $20M,75%,,9%,,6 – 24 mo
391,figure.com,Figure,https://figure.com,,press@figure.com,email_only,,,51,True,"Figure is a leading non-bank lender specializing in HELOCs, cash-out refinancing, and DSCR loans, utilizing blockchain technology for efficient lending.",25000,750000,0.75,,0.0675,0.0891,,,12,,True,,,,none,,True,brave_search,AK|AL|AR|AZ|CA|CO|CT|DC|DE|FL|GA|HI|IA|ID|IL|IN|KS|KY|LA|MA|MD|ME|MI|MN|MO|MS|MT|NC|ND|NE|NH|NJ|NM|NV|NY|OH|OK|OR|PA|RI|SC|SD|TN|TX|UT|VA|VT|WA|WI|WV|WY,cash_out|dscr,$25K – $750K,75%,,7% – 9%,,12 mo
392,firstbostoncapitalpartners.com,First Boston Capital Partners,https://firstbostoncapitalpartners.com,(617) 472-2000,info@grossmanco.com,phone_email,Quincy,MA,5,False,"First Boston Capital Partners provides short-term bridge capital to developers and investors for acquisitions, ground-up construction, or renovations throughout southern New England, focusing on the Greater Boston area.",500000,12000000,0.75,,0.12,0.14,2.0,,6,18,,,,,none,,True,brave_search,MA|ME|NH|RI|VT,bridge|construction,$500K – $12M,75%,,12% – 14%,2 pts,6 – 18 mo
42,fctd.com,First Capital Trust Deeds,https://fctd.com,(503) 891-4205,,phone_only,Bend,OR,3,False,First Capital Trust Deeds is a mortgage brokerage specializing in private money residential and commercial lending.,150000,25000000,0.75,,0.09,0.13,,,1,24,,1165726,,,hard_pull,650,False,brave_search,CA|ID|OR,bridge|cash_out|commercial|construction|fix_flip|rental,$150K – $25M,75%,,9% – 13%,,1 – 24 mo
393,firstequityfundingllc.com,"First Equity Funding, LLC",https://firstequityfundingllc.com,(732) 359-7800,info@firstequityfundingllc.com,phone_email,Sea Girt,NJ,51,True,"First Equity Funding is a private real estate investment lender offering Fix and Flip, Rental, and New Construction loan programs in over 40 states throughout the US.",100000,,0.8,,,,,,12,30,True,,,2008,hard_pull,620,False,brave_search,AK|AL|AR|AZ|CA|CO|CT|DC|DE|FL|GA|HI|IA|ID|IL|IN|KS|KY|LA|MA|MD|ME|MI|MN|MO|MS|MT|NC|ND|NE|NH|NJ|NM|NV|NY|OH|OK|OR|PA|RI|SC|SD|TN|TX|UT|VA|VT|WA|WI|WV|WY,construction|fix_flip|rental,$100K,80%,,,,12 – 30 mo
347,bankfirstfed.com,First Federal Bank,https://bankfirstfed.com,(208) 733-4222,,phone_only,,ID,1,False,"First Federal Bank offers a variety of home loan products including bridge loans, construction loans, and specialty programs tailored for unique situations.",,,,,,,,,,,,402963,,1915,,,False,brave_search,ID,bridge|construction,,,,,,
440,myiralender.com,First Western Federal Savings Bank,https://myiralender.com,(800) 908-8845,,phone_only,Rapid City,SD,51,True,"First Western Federal Savings Bank specializes in non-recourse loans for investment properties, including IRA Non-Recourse Loans.",80000,,0.5,,,,,,,,,631666,,1979,,,False,brave_search,AK|AL|AR|AZ|CA|CO|CT|DC|DE|FL|GA|HI|IA|ID|IL|IN|KS|KY|LA|MA|MD|ME|MI|MN|MO|MS|MT|NC|ND|NE|NH|NJ|NM|NV|NY|OH|OK|OR|PA|RI|SC|SD|TN|TX|UT|VA|VT|WA|WI|WV|WY,refi|rental,$80K,50%,,,,
394,fixfliploansflorida.com,Fix & Flip Loans Florida,https://fixfliploansflorida.com,(561) 609-6699,,phone_only,Delray Beach,FL,1,False,"Fix & Flip Loans Florida connects real estate investors with flexible, short-term funding designed specifically for purchasing, renovating, and reselling properties across Florida.",50000,1000000,,,,,,,,,,,,,none,,True,brave_search,FL,bridge|fix_flip,$50K – $1M,,,,,
279,fixandflipfinancing.com,Fix and Flip Financing,https://fixandflipfinancing.com,,,web_only,,,10,False,Investor-friendly real estate funding specializing in 100% financing for fix and flip/hold projects in select US markets.,100000,,1.0,0.75,,,,,,,,,,,,,False,brave_search,AL|GA|IN|KS|MO|NC|NM|OH|TN|TX,brrrr|fix_flip,$100K,100%,75%,,,
146,fixfliploans.com,FixFlipLoans.com,https://fixfliploans.com,(888) 827-9159,,phone_only,Miami,FL,51,True,"FixFlipLoans.com offers hard money loans for house flippers, providing funding for property purchase and rehab with fast decisions and interest-only payments.",100000,4000000,0.9,,,,,,1,18,True,,,,hard_pull,600,False,brave_search,AK|AL|AR|AZ|CA|CO|CT|DC|DE|FL|GA|HI|IA|ID|IL|IN|KS|KY|LA|MA|MD|ME|MI|MN|MO|MS|MT|NC|ND|NE|NH|NJ|NM|NV|NY|OH|OK|OR|PA|RI|SC|SD|TN|TX|UT|VA|VT|WA|WI|WV|WY,bridge|construction|fix_flip|multifamily,$100K – $4M,90%,,,,1 – 18 mo
97,flipcofinancial.com,FlipCo Financial,https://flipcofinancial.com,888-703-FLIP,,phone_only,Houston,TX,16,False,"FlipCo Financial provides direct private hard money loans to help investors achieve project success within 72 hours, specializing in fix and flip, bridge, and refinance loans.",,1000000,0.75,0.75,,,,,3,6,,,,,none,,True,brave_search,AL|AR|FL|GA|IN|KS|KY|MO|NC|OH|OK|PA|SC|TN|TX|VA,bridge|fix_flip|refi,$1M,75%,75%,,,3 – 6 mo
189,usmortgagelenders.com,Florida Mortgage Lenders,https://usmortgagelenders.com,(954) 667-9110,,phone_only,,FL,1,False,"Florida Mortgage Lenders offers hard money loans and various mortgage options for all situations, including bad credit and non-warrantable condos.",250000,50000000,0.8,,0.085,,3.25,,12,24,True,,,,hard_pull,680,False,brave_search,FL,bridge|cash_out|commercial|dscr|fix_flip|multifamily,$250K – $50M,80%,,8%,3.25 pts,12 – 24 mo
395,fortefinancial.com,Forte Financial,https://fortefinancial.com,(475) 215-5401,,phone_only,Ridgefield,CT,8,False,"Forte Financial offers a variety of mortgage products including fix and flip loans, bridge loans, and DSCR loans, serving investors and home buyers in multiple states.",,2000000,0.75,,,,,,12,,True,1892568,,,,,False,brave_search,CT|FL|MA|NC|NJ|NY|PA|SC,bridge|dscr|fix_flip,$2M,75%,,,,12 mo
10,foundationcref.com,Foundation Specialty Finance,https://foundationcref.com,,,web_only,,,51,True,"Foundation Specialty Finance is a specialty finance firm providing tailored lending solutions for real estate investors, including fix and flip, rental, multifamily, and construction financing.",,,,,,,,,,,,2260234,,,,,False,brave_search,AK|AL|AR|AZ|CA|CO|CT|DC|DE|FL|GA|HI|IA|ID|IL|IN|KS|KY|LA|MA|MD|ME|MI|MN|MO|MS|MT|NC|ND|NE|NH|NJ|NM|NV|NY|OH|OK|OR|PA|RI|SC|SD|TN|TX|UT|VA|VT|WA|WI|WV|WY,dscr|fix_flip|ground_up|multifamily,,,,,,
397,fscinvest.com,Free State Capital,https://fscinvest.com,(410) 205-1710,loans@fscinvest.com,phone_email,Timonium,MD,4,False,"Free State Capital provides private, short-term real estate loans to qualified investors in Maryland, focusing on speed, flexibility, and a relationship-based approach.",,,,,,,,,6,12,True,,,2022,none,,True,brave_search,DE|MD|PA|VA,cash_out|fix_flip|refi|rental,,,,,,6 – 12 mo
396,friendlyrehabfunds.com,Friendly Rehab Funds,https://friendlyrehabfunds.com,(804) 593-5100,info@friendlyrehabfunds.com,phone_email,Richmond,VA,1,False,"A family-owned hard money lender in Virginia offering quick loans for property flips, rehabs, construction projects, and cash-out refinances.",,,,,,,,,,,,,,,soft_pull,,True,brave_search,VA,bridge|cash_out|fix_flip,,,,,,
70,fundingpilot.com,FundingPilot,https://fundingpilot.com,(888) 860-2844,support@fundingpilot.com,phone_email,Hoboken,NJ,34,False,"FundingPilot offers a variety of real estate loans including hard money, bridge, and fix & flip loans with flexible terms and no income verification.",50000,20000000,0.75,,0.0775,0.0875,,,6,30,True,,,,none,,True,brave_search,AL|AR|CO|CT|DC|DE|FL|GA|IN|KY|LA|MA|MD|ME|MO|MS|MT|NC|NH|NJ|NM|NY|OH|OK|PA|RI|SC|TN|TX|VA|WA|WI|WV|WY,bridge|fix_flip,$50K – $20M,75%,,8% – 9%,,6 – 30 mo
67,gauntletfunding.com,Gauntlet Funding,https://gauntletfunding.com,(631) 465-2161,info@gauntletfunding.com,phone_email,Melville,NY,3,False,"Gauntlet Funding specializes in hard money loans for real estate investors, offering a variety of loan products including fix and flip, bridge, and new construction loans.",,,,,0.09,,,,9,12,,,,,none,,True,brave_search,FL|NJ|NY,bridge|construction|dscr|fix_flip,,,,9%,,9 – 12 mo
25,geltfinancial.com,Gelt Financial,https://geltfinancial.com,(561) 221-0900,info@geltfinancial.com,phone_email,Boca Raton,FL,30,False,"Gelt Financial is a direct private lender offering hard money loans, no-credit-check loans, and bridge loans for commercial and investment real estate.",50000,2000000,0.65,,,,,,6,60,True,,,1989,none,,True,brave_search,AL|AR|CO|DE|FL|GA|IL|IN|KY|LA|MA|MD|MI|MO|MS|NC|NH|NJ|NY|OH|OK|PA|RI|SC|TN|TX|VA|WA|WI|WV,bridge|fix_flip,$50K – $2M,65%,,,,6 – 60 mo
234,hardmoneyloansgeorgia.com,Georgia Private Loans,https://hardmoneyloansgeorgia.com,(404) 229-8004,sam@stinnettholdings.com,phone_email,Brookhaven,GA,1,False,"Georgia Private Loans is an Atlanta-based private lending company that focuses on short-term loans secured by real estate, offering speed and flexibility compared to traditional banks.",20000,5000000,0.65,,0.16,,6.0,,12,,True,,,,,,False,brave_search,GA,bridge,$20K – $5M,65%,,16%,6 pts,12 mo
281,getbreadnow.com,GetBreadNow,https://getbreadnow.com,,,web_only,,,40,False,Direct hard money lending with a focus on quick funding and a variety of loan programs for real estate investors.,,,0.9,0.75,0.0875,0.1049,,,12,36,True,,,,hard_pull,600,False,brave_search,AL|AR|AZ|CA|CO|CT|DE|FL|GA|IA|IL|IN|KS|KY|LA|MA|MD|ME|MI|MO|MS|MT|NC|NE|NH|NJ|NM|NV|NY|OH|OK|PA|RI|SC|TN|TX|VA|WA|WI|WV,bridge|commercial|construction|fix_flip|multifamily|refi,,90%,75%,9% – 10%,,12 – 36 mo
231,gokapital.com,GoKapital,https://gokapital.com,(866) 257-2973,info@gokapital.com,phone_email,Miami,FL,51,True,"GoKapital offers hard money and private money loans for real estate investors, including bridge loans and commercial real estate financing.",100000,50000000,0.8,,0.07,0.14,,,6,30,True,1636005,,,hard_pull,680,False,brave_search,AK|AL|AR|AZ|CA|CO|CT|DC|DE|FL|GA|HI|IA|ID|IL|IN|KS|KY|LA|MA|MD|ME|MI|MN|MO|MS|MT|NC|ND|NE|NH|NJ|NM|NV|NY|OH|OK|OR|PA|RI|SC|SD|TN|TX|UT|VA|VT|WA|WI|WV|WY,bridge|commercial|fix_flip|refi|rental,$100K – $50M,80%,,7% – 14%,,6 – 30 mo
398,goldquestgroup.com,"Gold Quest Group, LLC.",https://goldquestgroup.com,(713) 621-6458,info@goldquestgroup.com,phone_email,Houston,TX,1,False,"Gold Quest Group is a full service residential, commercial and direct hard money lender and brokerage firm, offering a variety of loan products.",50000,35000000,,,,,5.0,6.0,12,36,True,212990,,2001,hard_pull,680,False,brave_search,TX,bridge|commercial,$50K – $35M,,,,5 – 6 pts,12 – 36 mo
230,gglendinggroup.com,Golden Gate Lending Group,https://gglendinggroup.com,(415) 706-8465,,phone_only,Corte Madera,CA,1,False,Golden Gate Lending Group offers fast and flexible bridge loans and hard money loans tailored for California homeowners and real estate investors.,,,,,,,,,,12,True,241012,,,none,,True,brave_search,CA,bridge|fix_flip,,,,,,12 mo
282,grandriverusa.com,Grand River USA LLC,https://grandriverusa.com,(313) 925-3350,,phone_only,Northville,MI,1,False,"Grand River USA specializes in providing commercial real estate financing and hard money loans for small, medium, and large businesses.",100000,5000000,,,,,,,,,,,,2001,,,False,brave_search,MI,bridge|commercial|construction,$100K – $5M,,,,,
74,greatjonescap.com,Great Jones Capital,https://greatjonescap.com,(202) 810-5273,,phone_only,Washington,DC,3,False,"Great Jones Capital provides fast, flexible private lending for real estate investors and developers across the Washington metro area.",500000,10000000,0.8,,0.06,0.09,,,3,24,True,,,,none,,True,brave_search,DC|MD|VA,bridge,$500K – $10M,80%,,6% – 9%,,3 – 24 mo
256,ahardmoneyloan.com,Great Stone Capital,https://ahardmoneyloan.com,(646) 513-2300,nychardmoney@gmail.com,phone_email,New York,NY,1,False,Great Stone Capital specializes in arranging private money real estate loans with rapid personalized service and competitive rates.,,,,,,,,,,,,,,,none,,True,brave_search,NY,commercial|multifamily,,,,,,
147,greenblockinc.com,Green Block Inc.,https://greenblockinc.com,(734) 210-2828,info@greenblockinc.com,phone_email,,MI,1,False,"Green Block Inc. is a Michigan-based hard money lender offering various loan products for real estate investors, including fix and flip, rental, bridge, and vacation rental loans.",50000,2000000,0.8,,0.0649,0.1149,,,12,360,True,,,,hard_pull,680,False,brave_search,MI,bridge|construction|dscr|fix_flip,$50K – $2M,80%,,6% – 11%,,12 – 360 mo
399,greenbridgeloans.com,GreenBridge Loans,https://greenbridgeloans.com,(888) 860-3612,,phone_only,Hoboken,NJ,34,False,"GreenBridge Loans specializes in secured business loans and real estate financing, offering flexible loan options for both residential and commercial properties.",50000,20000000,0.75,,0.0775,,,,12,24,True,,,,none,,True,brave_search,AL|AR|CO|CT|DC|DE|FL|GA|IN|KY|LA|MA|MD|ME|MO|MS|MT|NC|NH|NJ|NM|NY|OH|OK|PA|RI|SC|TN|TX|VA|WA|WI|WV|WY,bridge|commercial|multifamily|refi|rental,$50K – $20M,75%,,8%,,12 – 24 mo
87,gregrusselloregon.com,Gregory M. Russell,https://gregrusselloregon.com,(888) 477-0444,greg@gregmrussell.com,phone_email,Roseburg,OR,1,False,Gregory M. Russell is a trusted Oregon hard money lender offering private money loans for business and investment purposes since 1982.,25000,400000,0.5,,,,,,12,192,,248980,,1982,none,,True,brave_search,OR,commercial|construction|fix_flip|multifamily|rental,$25K – $400K,50%,,,,12 – 192 mo
98,gregrussellidaho.com,Gregory M. Russell,https://gregrussellidaho.com,(888) 477-0444,rachel@gregmrussell.com,phone_email,Roseburg,OR,1,False,Trusted hard money lenders providing equity-based financing solutions for Idaho real estate investors.,25000,400000,0.5,,,,,,,,,248980,,,none,,True,brave_search,ID,commercial|construction,$25K – $400K,50%,,,,
106,gregrussellloans.com,Gregory M. Russell,https://gregrussellloans.com,(888) 477-0444,rachel@gregmrussell.com,phone_email,Roseburg,OR,1,False,"Gregory M. Russell offers hard money and private money loans for real estate investors throughout Washington State, focusing on equity-based lending.",25000,400000,0.5,,,,,,,,True,248980,,,none,,True,brave_search,WA,commercial|construction|fix_flip|rental,$25K – $400K,50%,,,,
400,greystone.com,Greystone,https://greystone.com,,,web_only,,,51,True,"Greystone offers a full range of commercial real estate finance solutions, specializing in multifamily and healthcare lending.",5000000,50000000,,,,,,,,,True,,,,,,False,brave_search,AK|AL|AR|AZ|CA|CO|CT|DC|DE|FL|GA|HI|IA|ID|IL|IN|KS|KY|LA|MA|MD|ME|MI|MN|MO|MS|MT|NC|ND|NE|NH|NJ|NM|NV|NY|OH|OK|OR|PA|RI|SC|SD|TN|TX|UT|VA|VT|WA|WI|WV|WY,bridge|multifamily,$5M – $50M,,,,,
14,griffinfunding.com,Griffin Funding,https://griffinfunding.com,(855) 374-4847,,phone_only,,,51,True,"Griffin Funding is a direct-to-consumer mortgage lender that specializes in Bank Statement Loans for the self-employed, DSCR Loans for real estate investors, Home Equity Loans, and VA Loans for veterans and active duty military.",100000,4000000,0.8,,0.06125,0.075,,,,,,,,2013,hard_pull,620,False,brave_search,AK|AL|AR|AZ|CA|CO|CT|DC|DE|FL|GA|HI|IA|ID|IL|IN|KS|KY|LA|MA|MD|ME|MI|MN|MO|MS|MT|NC|ND|NE|NH|NJ|NM|NV|NY|OH|OK|OR|PA|RI|SC|SD|TN|TX|UT|VA|VT|WA|WI|WV|WY,bridge|cash_out|dscr|fix_flip|refi|rental,$100K – $4M,80%,,6% – 8%,,
352,blog.lending.groundfloor.com,Groundfloor Lending,https://blog.lending.groundfloor.com,,,web_only,,,51,True,"Groundfloor Lending offers hard money and bridge loans for real estate investors, focusing on quick access to capital and flexible terms.",,,0.75,,0.08,0.15,2.0,4.0,6,24,True,,,,none,,True,brave_search,AK|AL|AR|AZ|CA|CO|CT|DC|DE|FL|GA|HI|IA|ID|IL|IN|KS|KY|LA|MA|MD|ME|MI|MN|MO|MS|MT|NC|ND|NE|NH|NJ|NM|NV|NY|OH|OK|OR|PA|RI|SC|SD|TN|TX|UT|VA|VT|WA|WI|WV|WY,bridge|construction|fix_flip,,75%,,8% – 15%,2 – 4 pts,6 – 24 mo
401,guaranteemc.com,"Guarantee Mortgage, LLC",https://guaranteemc.com,(979) 977-3900,team@guaranteemc.com,phone_email,Mont Belvieu,TX,1,False,"Guarantee Mortgage, LLC offers a variety of mortgage options including DSCR loans, bridge loans, and construction loans for home buyers and real estate investors in Texas.",,,,,,,,,,,,279696,,,hard_pull,620,False,brave_search,TX,bridge|cash_out|construction|dscr|fix_flip|refi,,,,,,
283,gustancho.com,Gustan Cho Associates,https://gustancho.com,(800) 900-8569,alex@gustancho.com,phone_email,Oakbrook Terrace,IL,51,True,"Gustan Cho Associates is a mortgage company offering a wide range of loan products including government and conventional loans with no overlays, alternative financing, and specialty mortgage products.",40000,1500000,0.9,,,,,,,,,873293,,,hard_pull,500,False,brave_search,AK|AL|AR|AZ|CA|CO|CT|DC|DE|FL|GA|HI|IA|ID|IL|IN|KS|KY|LA|MA|MD|ME|MI|MN|MO|MS|MT|NC|ND|NE|NH|NJ|NM|NV|NY|OH|OK|OR|PA|RI|SC|SD|TN|TX|UT|VA|VT|WA|WI|WV|WY,bridge|brrrr|cash_out|commercial|construction|dscr|fix_flip|multifamily|refi|rental,$40K – $1.5M,90%,,,,
38,hardmoneybankers.com,Hard Money Bankers,https://hardmoneybankers.com,(800) 883-8290,info@hardmoneybankers.com,phone_email,Columbia,MD,7,False,Hard Money Bankers provides fast and flexible private and hard money loans for real estate investors in the mid-Atlantic region.,,,,,,,,,6,24,,,,2007,none,,True,brave_search,DC|DE|MD|NC|NJ|PA|VA,commercial|fix_flip|rental,,,,,,6 – 24 mo
402,hardmoneyexperts.io,Hard Money Experts,https://hardmoneyexperts.io,,,web_only,,,4,False,"Hard Money Experts connects investors to the best hard money loan options and lenders nationwide, offering a variety of loan types including fix-and-flip, DSCR, and construction loans.",250000,5000000,1.0,,0.06,0.2,2.0,6.0,6,360,True,,,,soft_pull,,True,brave_search,AZ|FL|GA|MI,bridge|construction|dscr|fix_flip,$250K – $5M,100%,,6% – 20%,2 – 6 pts,6 – 360 mo
161,hardmoneygeorgia.com,Hard Money Georgia,https://hardmoneygeorgia.com,(404) 252-7070,,phone_only,Atlanta,GA,1,False,"Hard Money Georgia offers fast, reliable funding for real estate investors in Georgia, specializing in fix and flip, construction, and bridge loans.",,,,,,,,,,,,,,1976,none,,True,brave_search,GA,bridge|cash_out|construction|fix_flip,,,,,,
403,hardmoneylenderdirect.com,Hard Money Lender Direct,https://hardmoneylenderdirect.com,(833) 426-0837,sales@hardmoneylenderdirect.com,phone_email,Boston,MA,26,False,"Hard Money Lender Direct offers a variety of hard money loan programs including fix and flip, new construction, multifamily, and cash out refinance loans.",150000,10000000,0.8,,0.08,0.1,1.0,2.0,12,24,True,,,,none,,True,brave_search,AR|CO|CT|DE|FL|GA|IL|IN|KY|MA|MD|ME|MI|MO|NH|NJ|NY|OH|OK|PA|RI|TN|TX|VA|WA|WI,bridge|brrrr|cash_out|construction|dscr|fix_flip|multifamily|rental,$150K – $10M,80%,,8% – 10%,1 – 2 pts,12 – 24 mo
404,hardmoneylendernewyork.com,Hard Money Lender New York,https://hardmoneylendernewyork.com,(718) 475-6172,john@hardmoneylendernewyork.com,phone_email,Brooklyn,NY,1,False,Hard Money Lender New York provides bridge loans and hard money loans for real estate investors and property owners in need of capital.,100000,,,,,,,,1,12,,,,,none,,True,brave_search,NY,bridge,$100K,,,,,1 – 12 mo
53,hardmoneylendersarizona.com,Hard Money Lenders Arizona,https://hardmoneylendersarizona.com,(480) 999-6183,,phone_only,Phoenix,AZ,1,False,"Phoenix based private funders experienced in all aspects of real estate lending, ranging from financing, to fix-and-flip loans, to bridge loans.",100000,100000000,0.9,,0.0799,,,,3,60,True,,,,none,,True,brave_search,AZ,bridge|cash_out|commercial|construction|fix_flip|refi|rental,$100K – $100M,90%,,8%,,3 – 60 mo
113,hardmoneylenderscalifornia.com,Hard Money Lenders California,https://hardmoneylenderscalifornia.com,(858) 203-2854,,phone_only,Los Angeles,CA,1,False,"Hard Money Lenders California offers quick and flexible hard money loans for real estate investors in California, specializing in various loan programs including fix and flip, bridge, and commercial loans.",25000,100000000,0.9,,0.0799,,,,3,60,True,181106,,,none,,True,brave_search,CA,bridge|cash_out|commercial|construction|fix_flip,$25K – $100M,90%,,8%,,3 – 60 mo
284,hardmoneylenders.io,Hard Money Lenders IO,https://hardmoneylenders.io,,info@hardmoneylenders.io,email_only,North Miami Beach,FL,1,False,Hard Money Lenders IO is a Family office providing hard money loans to real estate investors and entrepreneurs.,,,0.8,,0.0999,0.15,1.0,3.0,6,18,True,#1390213,,,none,,True,brave_search,FL,bridge|cash_out|commercial|construction|fix_flip|multifamily|rental,,80%,,10% – 15%,1 – 3 pts,6 – 18 mo
95,hardmoneylendersri.com,Hard Money Lenders RI,https://hardmoneylendersri.com,(401) 266-3344,,phone_only,West Greenwich,RI,1,False,"Hard Money Lenders RI specializes in fast funding for RI real estate investors, offering loans for property rehab, fix and flip, acquisitions, and new construction.",,,,,,,,,,,,,,,,,False,brave_search,RI,bridge|construction|fix_flip,,,,,,
285,hardmoneyllc.com,Hard Money LLC,https://hardmoneyllc.com,(612) 926-1111,,phone_only,Plymouth,MN,1,False,Hard Money LLC provides fast and reliable real estate funding solutions for various types of investment properties.,,,,,,,,,,,,,,,,,False,brave_search,MN,commercial|fix_flip|multifamily,,,,,,
199,hardmoneyloansolutions.com,Hard Money Loan Solutions,https://hardmoneyloansolutions.com,(561) 707-1753,info@hardmoneyloansolutions.com,phone_email,Delray Beach,FL,1,False,HML Solutions is a Florida-based private hard money lender providing fast funding for commercial and residential real estate investors.,100000,50000000,0.85,,0.1099,0.1199,2.0,3.5,12,36,True,,,,none,,True,brave_search,FL,bridge|cash_out|commercial|construction|dscr|fix_flip,$100K – $50M,85%,,11% – 12%,2 – 3.5 pts,12 – 36 mo
405,hardmoneynewjersey.com,Hard Money New Jersey,https://hardmoneynewjersey.com,(732) 908-7592,john@hardmoneynewjersey.com,phone_email,Lakewood,NJ,3,False,Hard Money New Jersey provides privately funded interim financing for commercial real estate transactions with a quick and efficient underwriting process.,,,,,,,,,,,,,,,none,,True,brave_search,CT|NJ|NY,bridge|construction,,,,,,
125,hardmoneynm.com,Hard Money NM,https://hardmoneynm.com,(505) 221-6351,lending@hardmoneynm.com,phone_email,Albuquerque,NM,1,False,"Hard Money NM specializes in providing fast, flexible, and personalized hard money loans for real estate investors in New Mexico.",,,,,,,,,,,,,,,none,,True,brave_search,NM,bridge|fix_flip,,,,,,
162,hardmoneypartner.com,Hard Money Partner,https://hardmoneypartner.com,(405) 913-6664,info@hardmoneypartner.com,phone_email,Oklahoma City,OK,3,False,"We help local real estate investors fix and flip properties, cash out on investment properties or buy commercial buildings in OKC, Tulsa, Dallas/Fort Worth, and Orlando through a variety of flexible loan terms.",,,,,,,,,,,,,,,,,False,brave_search,FL|OK|TX,bridge|cash_out|commercial|construction|dscr|fix_flip,,,,,,
71,hardmoneycompany.com,HardMoney Company,https://hardmoneycompany.com,(703) 405-6548,info@hardmoneycompany.com,phone_email,McLean,VA,7,False,HardMoney Company is a private hard money lender offering fast asset-based lending for various real estate projects across the U.S.,150000,5000000,0.8,,0.08,0.15,,,6,36,,,,,none,,True,brave_search,DC|FL|IN|KY|MD|OH|VA,bridge|commercial|fix_flip|multifamily|rental,$150K – $5M,80%,,8% – 15%,,6 – 36 mo
79,hcsequity.com,HCS Equity,https://hcsequity.com,(877) 427-9820,info@hcsequity.com,phone_email,Carmel,CA,1,False,HCS Equity is a private lender specializing in fast real estate loans for both residential and commercial properties throughout California.,100000,3000000,,,,,,,,,True,338682,,,none,,True,brave_search,CA,bridge|fix_flip,$100K – $3M,,,,,
286,hd-lending.com,HD Lending,https://hd-lending.com,(480) 688-8686,geoff@hd-lending.com,phone_email,Phoenix,AZ,1,False,"HD Lending is a leading hard money lender in Arizona, specializing in fast and flexible financing solutions for various real estate transactions.",10000,1000000,0.85,,,,,,,30,True,2335096,,,none,,True,brave_search,AZ,bridge|commercial|construction|fix_flip|rental,$10K – $1M,85%,,,,30 mo
48,highwestlending.com,High West Lending,https://highwestlending.com,(435) 565-1768,info@highwestlending.com,phone_email,,,9,False,"High West Lending is a premier hard money lender serving the western United States, offering a range of financing solutions including bridge loans, commercial loans, and fix and flip loans.",,,0.75,,0.1,0.13,1.5,3.0,6,24,True,,,2008,none,,True,brave_search,AZ|CO|ID|MT|OR|TX|UT|WA|WY,bridge|commercial|construction|dscr|fix_flip|rental,,75%,,10% – 13%,1.5 – 3 pts,6 – 24 mo
287,hiltonloans.com,Hilton Financial Corporation,https://hiltonloans.com,(602) 375-8951,getquotes@hiltoncorp.com,phone_email,Phoenix,AZ,7,False,"Hilton Financial Corporation is a leading hard money lender in Phoenix, Arizona, specializing in fast funding for real estate investment projects.",50000,5000000,0.7,,,,,,6,36,True,143636,,1980,none,,True,brave_search,AZ|CO|HI|OH|TN|TX|UT,bridge|cash_out|construction|fix_flip,$50K – $5M,70%,,,,6 – 36 mo
33,hardmoola.com,HM Capital,https://hardmoola.com,(530) 436-5630,,phone_only,,,51,True,"HM Capital offers private hard money loans for real estate investors, providing quick financing solutions with flexible underwriting.",30000,,0.9,,0.08,,2.0,,3,,True,,,,none,,True,brave_search,AK|AL|AR|AZ|CA|CO|CT|DC|DE|FL|GA|HI|IA|ID|IL|IN|KS|KY|LA|MA|MD|ME|MI|MN|MO|MS|MT|NC|ND|NE|NH|NJ|NM|NV|NY|OH|OK|OR|PA|RI|SC|SD|TN|TX|UT|VA|VT|WA|WI|WV|WY,bridge|commercial|fix_flip|multifamily,$30K,90%,,8%,2 pts,3 mo
235,hmlinvestments.com,HML Investments,https://hmlinvestments.com,(818) 873-3231,info@hmlinvestments.com,phone_email,Granada Hills,CA,12,False,"HML Investments is a top hard money lender firm in California with over 15 years of hard money lending experience, offering a variety of loan products for residential and commercial real estate investors nationwide.",75000,25000000,0.8,,0.0599,,1.75,2.5,18,24,True,1003404,,,hard_pull,660,False,brave_search,CA|CT|FL|IL|MA|NC|NH|NJ|NY|PA|RI|SC,bridge|construction|dscr|fix_flip|multifamily|rental,$75K – $25M,80%,,6%,1.75 – 2.5 pts,18 – 24 mo
163,holbrookcapital.com,Holbrook Capital,https://holbrookcapital.com,,,web_only,Idaho Falls,ID,1,False,"Holbrook Capital is Idaho’s leading Hard Money Lender for Real Estate Investors, offering short-term capital with few lending requirements.",,,,,,,,,,,,,,,none,,True,brave_search,ID,bridge|fix_flip|ground_up,,,,,,
200,homeabroadinc.com,HomeAbroad Loans LLC,https://homeabroadinc.com,,,web_only,Buffalo,NY,5,False,"HomeAbroad Loans specializes in tailored mortgage solutions for foreign nationals and international investors, allowing them to qualify based on rental income without needing US credit history.",100000,10000000,0.75,,0.0612,,,,6,24,True,2625701,,,none,,True,brave_search,CA|NY|TX|VA|WI,bridge|dscr|fix_flip,$100K – $10M,75%,,6%,,6 – 24 mo
407,homebldrai.com,Homebldr,https://homebldrai.com,,info@homebldrai.com,email_only,,,51,True,"Homebldr is a technology-driven financing platform built for real estate investors, offering competitive capital and innovative funding solutions.",50000,20000000,0.85,0.8,0.055,0.0999,0.0,2.0,12,36,,,,,,,False,brave_search,AK|AL|AR|AZ|CA|CO|CT|DC|DE|FL|GA|HI|IA|ID|IL|IN|KS|KY|LA|MA|MD|ME|MI|MN|MO|MS|MT|NC|ND|NE|NH|NJ|NM|NV|NY|OH|OK|OR|PA|RI|SC|SD|TN|TX|UT|VA|VT|WA|WI|WV|WY,construction|fix_flip|multifamily|rental,$50K – $20M,85%,80%,6% – 10%,0 – 2 pts,12 – 36 mo
39,hopkinsfinancial.com,"Hopkins Financial Services, Inc.",https://hopkinsfinancial.com,(208) 467-5467,,phone_only,Meridian,ID,4,False,"Your trusted hard money lender, providing fast, flexible real estate loans since 1983.",,,,,0.0875,0.15,2.5,7.0,6,24,True,2631,,1983,none,,True,brave_search,ID|OR|UT|WA,bridge|commercial|construction|multifamily|rental,,,,9% – 15%,2.5 – 7 pts,6 – 24 mo
114,housemaxfunding.com,HouseMax Funding,https://housemaxfunding.com,(737) 587-3471,info@housemaxusa.com,phone_email,Austin,TX,51,True,"HouseMax Funding is a nationwide hard money lender specializing in fix and flip, bridge, and DSCR loans for real estate investors.",85000,,0.75,,,,,,6,24,,2262692,,,hard_pull,640,False,brave_search,AK|AL|AR|AZ|CA|CO|CT|DC|DE|FL|GA|HI|IA|ID|IL|IN|KS|KY|LA|MA|MD|ME|MI|MN|MO|MS|MT|NC|ND|NE|NH|NJ|NM|NV|NY|OH|OK|OR|PA|RI|SC|SD|TN|TX|UT|VA|VT|WA|WI|WV|WY,bridge|dscr|fix_flip,$85K,75%,,,,6 – 24 mo
148,hurstlending.com,Hurst Lending,https://hurstlending.com,(877) 292-7350,jhurst@hurstlending.com,phone_email,Dallas,TX,14,False,"Hurst Lending offers a variety of hard money and private money loans including bridge loans, fix and flip loans, and investor loans for home buyers and real estate investors.",,,,,,,,,,,,267051,,,none,,True,brave_search,AL|CO|FL|GA|IA|ID|LA|OK|OR|PA|TN|TX|VA|WA,bridge|cash_out|construction|dscr|fix_flip|multifamily|rental,,,,,,
45,ifundcities.com,i Fund Cities,https://ifundcities.com,(215) 770-1505,getfunding@ifundcities.com,phone_email,Philadelphia,PA,21,False,"i Fund Cities offers investor-focused real estate funding solutions including fix and flip, new construction, and rental loans.",,,0.8,,,,,,6,12,,2383700,,2018,,,False,brave_search,AL|AZ|CO|DC|DE|FL|GA|IN|MA|MD|MN|NC|NJ|OH|PA|SC|TN|TX|UT|VA|WI,construction|dscr|fix_flip|rental,,80%,,,,6 – 12 mo
201,idmortgagebroker.com,ID Mortgage Broker,https://idmortgagebroker.com,(323) 741-5858,,phone_only,Burbank,CA,3,False,Trusted mortgage broker in California offering a variety of loan products including hard money and fix and flip loans.,,,,,0.12,0.15,,,12,36,,,,,hard_pull,680,False,brave_search,CA|NC|SC,construction|dscr|fix_flip,,,,12% – 15%,,12 – 36 mo
203,incacapital.com,INCA Capital,https://incacapital.com,(480) 947-5900,brandon@incacapital.com,phone_email,Scottsdale,AZ,5,False,INCA Capital is a private money lender offering hard money loans for various real estate projects with fast funding and competitive rates.,500000,25000000,0.75,,0.0899,,,,3,36,,478664,,1999,,,False,brave_search,AZ|CA|CO|NV|UT,bridge|commercial|construction|fix_flip|multifamily,$500K – $25M,75%,,9%,,3 – 36 mo
202,ihflend.com,"Independent Home Finance, Inc.",https://ihflend.com,(888) 315-7784,,phone_only,Irvine,CA,32,False,"Independent Home Finance Inc. specializes in personalized mortgage and investment loan solutions, including hard money loans and DSCR loans.",,,0.8,,,,,,,,,2394450,,,hard_pull,620,False,brave_search,AL|AR|CA|CO|CT|DE|FL|GA|HI|IL|IN|KY|LA|MA|MD|ME|MO|MS|NC|NH|NM|OH|OK|PA|RI|SC|TN|TX|VA|WA|WI|WY,brrrr|commercial|construction|dscr|fix_flip|multifamily|refi|rental,,80%,,,,
126,ihlend.com,Independent Home Lending Inc.,https://ihlend.com,(800) 315-0043,,phone_only,Aliso Viejo,CA,4,False,"Independent Lending is a leading hard money, reverse mortgage, and investor cash flow lender in California, dedicated to providing personalized lending solutions.",50000,5000000,0.65,,0.0999,0.1199,1.0,10.0,,60,True,1118243,,2013,hard_pull,575,False,brave_search,AZ|CA|FL|TX,dscr|rental,$50K – $5M,65%,,10% – 12%,1 – 10 pts,60 mo
115,indicatecapital.com,Indicate Capital,https://indicatecapital.com,(303) 567-6334,info@indicatecapital.com,phone_email,Denver,CO,2,False,"Indicate Capital is a premier asset acquisition solution for real estate investments, providing short-term funding using private capital and hard money.",,,,,,,,,,,,,,,none,,True,brave_search,CO|UT,bridge|cash_out|fix_flip,,,,,,
409,infinitycapitalfinance.com,Infinity Capital Finance,https://infinitycapitalfinance.com,(410) 541-1368,loans@infinitycapitalfinance.com,phone_email,Chevy Chase,MD,51,True,Infinity Capital Finance is a direct private money lender that provides financing through loans secured by non-owner occupied residential real estate.,,,0.75,,0.07,,1.0,3.0,,,,,,,hard_pull,,False,brave_search,AK|AL|AR|AZ|CA|CO|CT|DC|DE|FL|GA|HI|IA|ID|IL|IN|KS|KY|LA|MA|MD|ME|MI|MN|MO|MS|MT|NC|ND|NE|NH|NJ|NM|NV|NY|OH|OK|OR|PA|RI|SC|SD|TN|TX|UT|VA|VT|WA|WI|WV|WY,fix_flip,,75%,,7%,1 – 3 pts,
236,insightcommercialcapital.com,Insight Commercial Capital,https://insightcommercialcapital.com,,info@insightcommercialcapital.com,email_only,St. Paul,MN,1,False,Insight Commercial Capital provides hard money loans and various commercial financing solutions tailored to meet the unique needs of businesses.,50000,50000000,,,0.09,0.18,,,,,,,,,,,False,brave_search,MN,commercial|construction,$50K – $50M,,,9% – 18%,,
54,instalend.com,InstaLend,https://instalend.com,(646) 844-4069,,phone_only,,,44,False,"InstaLend empowers real estate operators by providing quick access to capital at competitive rates, significantly reducing the time compared to traditional lenders.",50000,,0.8,,0.065,0.095,,,12,30,True,,,,hard_pull,660,False,brave_search,AK|AL|AR|AZ|CA|CO|CT|DE|FL|GA|HI|IA|ID|IL|IN|KS|KY|LA|MA|MD|ME|MI|MO|MS|MT|NC|NE|NH|NJ|NM|NV|NY|OH|OK|OR|PA|RI|SC|TN|TX|UT|VA|WA|WI,bridge|construction|fix_flip|multifamily|rental,$50K,80%,,6% – 10%,,12 – 30 mo
12,insulacapitalgroup.com,Insula Capital Group,https://insulacapitalgroup.com,(833) 319-3517,,phone_only,,,5,False,Insula Capital Group is a leading nationwide private lender providing low-cost capital to real estate investors in the form of short-term loans at competitive rates.,,,0.9,0.75,,,,,,,True,,,,,,False,brave_search,CA|FL|NY|PA|TX,fix_flip|ground_up|multifamily|rental,,90%,75%,,,
289,integritylending.com,Integrity First Lending,https://integritylending.com,(801) 542-0961,,phone_only,South Jordan,UT,1,False,"Integrity First Lending is a mortgage company in Utah focused on fulfilling the promise of homeownership, offering a variety of loan products including VA loans and renovation loans.",,,,,,,,,,,,1006977,,,,,False,brave_search,UT,,,,,,,
288,icfunding.org,InterCapital Funding Inc.,https://icfunding.org,(800) 963-0066,letsclosenow@icfundings.org,phone_email,Southfield,MI,44,False,"InterCapital Funding Inc. delivers direct access to real estate opportunities through structured capital, disciplined execution, and market intelligence.",75000,,0.85,,0.095,,,,12,18,,2017191,,,hard_pull,660,False,brave_search,AK|AL|AR|AZ|CA|CO|CT|DE|FL|GA|HI|IA|ID|IL|IN|KS|KY|LA|MA|MD|ME|MI|MO|MS|MT|NC|NE|NH|NJ|NM|NV|NY|OH|OK|OR|PA|RI|SC|TN|TX|UT|VA|WA|WI,bridge|construction|fix_flip|multifamily,$75K,85%,,10%,,12 – 18 mo
92,intrustfunding.com,Intrust Funding,https://intrustfunding.com,(425) 272-9881,loans@intrustfunding.com,phone_email,Bellevue,WA,1,False,"Intrust Funding specializes in hard money loans for real estate investors in Washington, offering fast and reliable financing for flips, rentals, and bridge scenarios.",,,,,0.12,,,,,,,,,2009,,,False,brave_search,WA,brrrr|commercial|fix_flip|rental,,,,12%,,
410,investmentpropertyloanexchange.com,Investment Property Loan Exchange,https://investmentpropertyloanexchange.com,(636) 552-4710,,phone_only,,,5,False,Investment Property Loan Exchange connects real estate investors with competitive DSCR loan options across a broad lender network.,100000,3000000,0.85,,0.06275,0.1099,2.0,,12,18,True,,,,hard_pull,680,False,brave_search,AR|FL|KS|OK|TX,bridge|dscr|fix_flip|multifamily,$100K – $3M,85%,,6% – 11%,2 pts,12 – 18 mo
411,investorlending.com,Investor Lending LLC,https://investorlending.com,(713) 337-2000,,phone_only,Houston,TX,1,False,Investor Lending LLC is a private money lender for real estate investors that provides hard money loans for residential and commercial rehabs and purchases.,,,0.75,,0.12,,,,12,24,,,,,hard_pull,550,False,brave_search,TX,fix_flip,,75%,,12%,,12 – 24 mo
408,ils.cash,Investor Loan Source,https://ils.cash,(409) 735-6267,info@ils.cash,phone_email,Houston,TX,1,False,"Investor Loan Source provides hard money loans for real estate investors, focusing on property potential and investment strategies.",50000,5000000,0.9,,,,,,6,24,True,,,,none,,True,brave_search,TX,commercial|dscr|fix_flip,$50K – $5M,90%,,,,6 – 24 mo
412,investorpropertyloan.com,Investor Property Loan,https://investorpropertyloan.com,(800) 440-8350,,phone_only,Chatsworth,CA,1,False,Revolutionary lending services designed for forward thinking commercial and residential real estate investors.,,,0.8,,,,,,,,,1623101,,,none,,True,brave_search,CA,bridge|commercial|dscr|fix_flip|rental,,80%,,,,
413,investorschoicelending.com,Investors Choice Lending,https://investorschoicelending.com,(800) 766-0763,info@investorschoicelending.com,phone_email,Westerville,OH,2,False,"Investors Choice Lending specializes in providing fast and flexible financing solutions for real estate investors, including hard money loans, bridge loans, and cash-out refinancing.",,,0.8,,,,,,6,24,True,241784,,,hard_pull,650,False,brave_search,MA|RI,bridge|cash_out|commercial|dscr|fix_flip,,80%,,,,6 – 24 mo
414,ironbridgelending.com,Iron Bridge Lending,https://ironbridgelending.com,(503) 225-0300,,phone_only,Portland,OR,4,False,"Iron Bridge Lending provides private money loans for residential rehabilitation and new construction projects, focusing on the success of their borrowers.",,,,,,,,,,,,854231,,2009,,,False,brave_search,CA|CO|OR|WA,construction|fix_flip|multifamily,,,,,,
415,isgatelaw.com,"Isgate Law, P.C.",https://isgatelaw.com,(215) 396-1020,,phone_only,Doylestown,PA,2,False,"Isgate Law is a boutique law firm focusing on real estate and business law, providing services for private money lending and real estate transactions.",,,,,,,,,,,,,,,,,False,brave_search,NJ|PA,,,,,,,
31,jakenfinancegroup.com,Jaken Finance Group,https://jakenfinancegroup.com,(833) 264-7776,,phone_only,Hoffman Estates,IL,51,True,"Jaken Finance Group offers hard money loans for real estate investments, including fix and flip, bridge, and new construction financing.",,,,,,,,,,,,,,,hard_pull,600,False,brave_search,AK|AL|AR|AZ|CA|CO|CT|DC|DE|FL|GA|HI|IA|ID|IL|IN|KS|KY|LA|MA|MD|ME|MI|MN|MO|MS|MT|NC|ND|NE|NH|NJ|NM|NV|NY|OH|OK|OR|PA|RI|SC|SD|TN|TX|UT|VA|VT|WA|WI|WV|WY,bridge|construction|fix_flip,,,,,,
131,commercialrealestate.loans,Janover Tech Inc.,https://commercialrealestate.loans,(561) 556-7778,hello@commercialrealestate.loans,phone_email,Delray Beach,FL,51,True,"Janover offers a wide range of commercial real estate financing options including bridge loans, construction loans, and fix and flip loans.",1000000,50000000,0.75,,,,,,12,24,True,,,,hard_pull,620,False,brave_search,AK|AL|AR|AZ|CA|CO|CT|DC|DE|FL|GA|HI|IA|ID|IL|IN|KS|KY|LA|MA|MD|ME|MI|MN|MO|MS|MT|NC|ND|NE|NH|NJ|NM|NV|NY|OH|OK|OR|PA|RI|SC|SD|TN|TX|UT|VA|VT|WA|WI|WV|WY,bridge|construction|fix_flip,$1M – $50M,75%,,,,12 – 24 mo
340,apartment.loans,Janover Tech Inc.,https://apartment.loans,(561) 556-9997,hello@apartment.loans,phone_email,Delray Beach,FL,51,True,"Apartment.loans specializes in providing a variety of financing options for multifamily properties, including non-recourse loans and bridge financing.",1000000,20000000,0.8,,,,,,6,36,True,,,,hard_pull,680,False,brave_search,AK|AL|AR|AZ|CA|CO|CT|DC|DE|FL|GA|HI|IA|ID|IL|IN|KS|KY|LA|MA|MD|ME|MI|MN|MO|MS|MT|NC|ND|NE|NH|NJ|NM|NV|NY|OH|OK|OR|PA|RI|SC|SD|TN|TX|UT|VA|VT|WA|WI|WV|WY,bridge|construction|multifamily,$1M – $20M,80%,,,,6 – 36 mo
107,jeffersonreversemortgage.com,Jefferson Mortgage Group LLC,https://jeffersonreversemortgage.com,(703) 319-2198,info@jeffersonmortgage.com,phone_email,,VA,4,False,"Jefferson Mortgage Group LLC specializes in traditional and specialized residential mortgages, including reverse mortgages and investor financing options.",50000,500000,0.85,,,,,,,,,935554,,,hard_pull,680,False,brave_search,FL|MD|PA|VA,bridge|commercial|dscr|fix_flip|refi|rental,$50K – $500K,85%,,,,
164,jvmlending.com,JVM Lending,https://jvmlending.com,(855) 855-4491,hello@jvmlending.com,phone_email,Walnut Creek,CA,11,False,"JVM Lending is a hybrid mortgage lender offering a range of loan products including bridge loans, refinancing, and home equity lines of credit.",150000,,,,,,,,,,,1657323,,,none,,True,brave_search,AZ|CA|FL|GA|ID|IL|LA|MA|OR|TN|TX,bridge|refi,$150K,,,,,
99,kcinvestorfunding.com,KC Investor Funding,https://kcinvestorfunding.com,(816) 293-2999,,phone_only,,,51,True,"KC Investor Funding provides alternative funding solutions for real estate investors, specializing in hard money loans for various investment projects.",,,0.9,0.7,0.09,0.14,,,6,12,True,,,,hard_pull,620,False,brave_search,AK|AL|AR|AZ|CA|CO|CT|DC|DE|FL|GA|HI|IA|ID|IL|IN|KS|KY|LA|MA|MD|ME|MI|MN|MO|MS|MT|NC|ND|NE|NH|NJ|NM|NV|NY|OH|OK|OR|PA|RI|SC|SD|TN|TX|UT|VA|VT|WA|WI|WV|WY,bridge|dscr|fix_flip|rental,,90%,70%,9% – 14%,,6 – 12 mo
291,kentuckypl.com,Kentucky Private Lending,https://kentuckypl.com,(502) 727-1019,epayne@kentuckypl.com,phone_email,Louisville,KY,1,False,"Kentucky Private Lending is a hard money lender that provides capital, technology, and support needed to achieve your real estate investing goals.",,,,,,,,,,,,,,,,,False,brave_search,KY,bridge|brrrr|fix_flip,,,,,,
2,kiavi.com,Kiavi,https://kiavi.com,,,web_only,,,51,True,"Kiavi offers fast, flexible financing solutions for real estate investors, including fix-and-flip, bridge, rental, and new construction loans.",100000,10000000,0.8,0.85,0.0775,0.09,,,12,24,True,,,,none,,True,brave_search,AK|AL|AR|AZ|CA|CO|CT|DC|DE|FL|GA|HI|IA|ID|IL|IN|KS|KY|LA|MA|MD|ME|MI|MN|MO|MS|MT|NC|ND|NE|NH|NJ|NM|NV|NY|OH|OK|OR|PA|RI|SC|SD|TN|TX|UT|VA|VT|WA|WI|WV|WY,bridge|construction|dscr|fix_flip,$100K – $10M,80%,85%,8% – 9%,,12 – 24 mo
205,kingjameslending.com,King James Lending,https://kingjameslending.com,(281) 909-7487,,phone_only,Houston,TX,1,False,"King James Lending offers fast, reliable hard money loans for real estate investors in Houston, specializing in fix and flip, cash out refinancing, DSCR, and ground up construction.",,5000000,0.8,,0.13,,3.0,,6,30,True,,,,none,,True,brave_search,TX,bridge|cash_out|dscr|fix_flip|ground_up,$5M,80%,,13%,3 pts,6 – 30 mo
292,krissinvestments.com,Kriss Investments,https://krissinvestments.com,(440) 836-3370,contact@krissinvestments.com,phone_email,,OH,1,False,"Kriss Investments provides hard money loans for residential and commercial property, offering 100% financing with no out of pocket expenses for eight months.",,,1.0,,,,,,,,,,,1992,none,,True,brave_search,OH,bridge|cash_out|commercial|fix_flip|multifamily|refi|rental,,100%,,,,
55,lantzmanlending.com,Lantzman Lending,https://lantzmanlending.com,(858) 720-0229,info@lantzmanlending.com,phone_email,San Diego,CA,2,False,"Lantzman Lending provides direct financing through private real estate loans secured by non-owner occupied residential, commercial industrial, and multi-family residential real estate.",,,,,0.08,,,,,,,296471,,,none,,True,brave_search,CA|NV,commercial|construction|fix_flip|refi,,,,8%,,
417,launchfg.com,Launch Financial Group,https://launchfg.com,(844) 298-3727,,phone_only,,,51,True,"Launch Financial Group offers a variety of investment property loans including DSCR, fix and flip, bridge, and ground-up construction loans, focusing on flexible terms and fast closing times.",,,,,,,,,,,True,,,,none,,True,brave_search,AK|AL|AR|AZ|CA|CO|CT|DC|DE|FL|GA|HI|IA|ID|IL|IN|KS|KY|LA|MA|MD|ME|MI|MN|MO|MS|MT|NC|ND|NE|NH|NJ|NM|NV|NY|OH|OK|OR|PA|RI|SC|SD|TN|TX|UT|VA|VT|WA|WI|WV|WY,bridge|commercial|dscr|fix_flip|ground_up|rental,,,,,,
30,lbcmortgage.com,LBC Mortgage,https://lbcmortgage.com,(818) 309-2999,,phone_only,,,12,False,"LBC Mortgage offers a variety of mortgage solutions including hard money loans, DSCR loans, and fix-and-flip loans, focusing on personalized service and innovative financing options.",200000,4000000,,,,,,,,,,,,2008,hard_pull,620,False,brave_search,CA|CO|FL|IL|NC|OH|OR|PA|RI|SC|TX|WA,bridge|cash_out|commercial|construction|dscr|fix_flip|multifamily|refi|rental,$200K – $4M,,,,,
293,ledgertc.com,Ledger Trade & Capital,https://ledgertc.com,(201) 749-1691,info@ledgertc.com,phone_email,New York,NY,51,True,"Private lending for builders and investors, offering loans for new construction, bridge, fix & flip, and DSCR rental projects.",125000,20000000,0.9,0.75,0.08875,,,,15,18,True,,,,hard_pull,680,False,brave_search,AK|AL|AR|AZ|CA|CO|CT|DC|DE|FL|GA|HI|IA|ID|IL|IN|KS|KY|LA|MA|MD|ME|MI|MN|MO|MS|MT|NC|ND|NE|NH|NJ|NM|NV|NY|OH|OK|OR|PA|RI|SC|SD|TN|TX|UT|VA|VT|WA|WI|WV|WY,bridge|dscr|fix_flip,$125K – $20M,90%,75%,9%,,15 – 18 mo
294,legacycapitalpa.com,Legacy Capital PA,https://legacycapitalpa.com,(215) 600-3419,,phone_only,Bala Cynwyd,PA,1,False,Legacy Capital provides hard money loans for real estate investors in Pennsylvania and surrounding states.,,,,,,,,,,,,,,2015,,,False,brave_search,PA,commercial|fix_flip|rental,,,,,,
206,legacyg.com,Legacy Group Capital LLC,https://legacyg.com,(425) 635-4700,info@legacyg.com,phone_email,Bellevue,WA,10,False,"Legacy Group Capital offers fast and flexible lending solutions for builders, real estate investors, and homeowners, specializing in bridge loans, rehab financing, and construction loans.",,,,,,,,,,,,99045,,2006,,,False,brave_search,AZ|CO|ID|MT|NC|OR|SC|TX|UT|WA,bridge|construction|fix_flip,,,,,,
418,legacy-lend.com,Legacy Lending,https://legacy-lend.com,,,web_only,Prattville,AL,1,False,"Legacy Lending offers fast, flexible, and transparent hard money loans tailored to the needs of real estate investors in Alabama.",,,,,,,,,,,,,,,,,False,brave_search,AL,,,,,,,
134,lendding.com,LendDing,https://lendding.com,(800) 865-9011,,phone_only,Sunnyvale,CA,51,True,LendDing connects you with lenders that match your lending criteria for investment properties.,50000,10000000,0.85,,0.0625,0.12,1.0,4.0,12,360,,32417,,,,,False,brave_search,AK|AL|AR|AZ|CA|CO|CT|DC|DE|FL|GA|HI|IA|ID|IL|IN|KS|KY|LA|MA|MD|ME|MI|MN|MO|MS|MT|NC|ND|NE|NH|NJ|NM|NV|NY|OH|OK|OR|PA|RI|SC|SD|TN|TX|UT|VA|VT|WA|WI|WV|WY,bridge|construction|dscr|rental,$50K – $10M,85%,,6% – 12%,1 – 4 pts,12 – 360 mo
419,lendingarizona.net,"Lending Arizona, LLC",https://lendingarizona.net,(520) 886-7283,randrews@lendingarizona.net,phone_email,Tucson,AZ,1,False,"Lending Arizona offers a variety of mortgage options including private money loans, VA, FHA, and conventional loans.",,,,,,,,,,,,174095,,2007,,,False,brave_search,AZ,dscr,,,,,,
135,lendingbeeinc.com,Lending Bee Inc.,https://lendingbeeinc.com,(818) 740-5721,info@lendingbeeinc.com,phone_email,North Hollywood,CA,1,False,"Lending Bee Inc. is a leading hard money lender in California, offering a variety of loan products including fix and flip, bridge, and construction loans.",150000,30000000,0.85,,0.0899,,2.0,,6,24,True,,,,hard_pull,600,False,brave_search,CA,bridge|commercial|construction|fix_flip|multifamily|refi|rental,$150K – $30M,85%,,9%,2 pts,6 – 24 mo
295,lendinghq.com,"Lending HQ, LLC",https://lendinghq.com,(843) 732-3278,apply@lendinghq.com,phone_email,Charleston,SC,1,False,"Lending HQ offers creative financing for investment real estate properties in South Carolina, including fix and flip, new construction, and commercial loans.",100000,5000000,0.65,,,,,,12,,True,,,,none,,True,brave_search,SC,construction|fix_flip,$100K – $5M,65%,,,,12 mo
6,lendingone.com,LendingOne,https://lendingone.com,(888) 987-1276,,phone_only,Boca Raton,FL,23,False,"LendingOne offers a variety of real estate investor loans including DSCR rental loans, bridge loans, fix and flip loans, and new construction loans.",50000,2000000,0.95,,,,,,12,30,True,1508627,,,none,,True,brave_search,AL|AR|CA|CO|DC|FL|GA|ID|IL|IN|KY|MD|MN|MO|NC|NE|OH|OK|TN|TX|VA|WA|WI,bridge|construction|dscr|fix_flip,$50K – $2M,95%,,,,12 – 30 mo
49,lendmire.com,Lendmire,https://lendmire.com,(828) 256-2183,info@lendmire.com,phone_email,Boone,NC,36,False,"Lendmire specializes in DSCR loans for real estate investors, allowing qualification based on rental income rather than personal income.",50000,6000000,0.8,,,,,,,,True,2371349,,,none,,True,brave_search,AK|AL|AR|AZ|CA|CO|DC|FL|GA|HI|IA|ID|IL|IN|KS|KY|LA|MO|MS|MT|NC|ND|NE|NM|NV|OH|OK|OR|SC|SD|TN|TX|UT|VA|WA|WY,bridge|dscr|refi,$50K – $6M,80%,,,,
421,lendsurehomeloans.com,LendSure Home Loans,https://lendsurehomeloans.com,(877) 395-9002,info@lendsurehomeloans.com,phone_email,San Diego,CA,5,False,"LendSure Home Loans specializes in various loan options including DSCR, fix and flip, and bridge loans for investment properties.",75000,3000000,0.85,,,,,,,,True,1326437,,,hard_pull,660,False,brave_search,AZ|CA|GA|IL|TX,bridge|construction|dscr|fix_flip,$75K – $3M,85%,,,,
420,lendsure.com,LendSure Mortgage Corp.,https://lendsure.com,(888) 707-7811,,phone_only,San Diego,CA,1,False,"LendSure Mortgage Corp. offers a comprehensive range of non-QM loan programs for borrowers that don’t fit conforming guidelines, including fix and flip, construction, and investment property loans.",50000,3000000,0.85,0.7,,,,,12,18,True,1326437,,,hard_pull,660,False,brave_search,CA,bridge|brrrr|cash_out|commercial|construction|dscr|fix_flip|ground_up|multifamily|refi|rental,$50K – $3M,85%,70%,,,12 – 18 mo
108,level4funding.com,Level 4 Funding,https://level4funding.com,(623) 582-4444,,phone_only,,,5,False,"Private hard money lender offering various loan products including fix and flip, bridge loans, and commercial loans.",,,0.9,,0.0599,,,,,,,,,,,,False,brave_search,AZ|CA|CO|NV|TX,bridge|cash_out|commercial|construction|fix_flip|rental,,90%,,6%,,
237,lightspeedlending.com,Lightspeed Lending,https://lightspeedlending.com,(954) 444-7928,,phone_only,Boca Raton,FL,11,False,"Lightspeed Lending offers fast hard money loans for real estate investors, specializing in fix and flip, rental, and bridge loans.",100000,10000000,0.8,,0.0699,,,,12,24,,,,2020,,,False,brave_search,CA|CO|FL|GA|IN|MA|NC|OH|TN|TX|WA,bridge|fix_flip|rental,$100K – $10M,80%,,7%,,12 – 24 mo
1,limaone.com,Lima One Capital,https://limaone.com,(800) 390-4212,hello@limaone.com,phone_email,Greenville,SC,48,False,"Lima One Capital offers private money lending solutions for real estate investors, specializing in fix and flip, bridge, new construction, rental, and multifamily loans.",100000,5000000,0.9,0.75,0.092,,,,13,24,True,1324403,,2010,hard_pull,700,False,brave_search,AL|AR|AZ|CA|CO|CT|DE|FL|GA|HI|IA|ID|IL|IN|KS|KY|LA|MA|MD|MI|MN|MO|MS|MT|NC|ND|NE|NH|NJ|NM|NV|NY|OH|OK|OR|PA|RI|SC|SD|TN|TX|UT|VA|VT|WA|WI|WV|WY,bridge|construction|fix_flip|multifamily|rental,$100K – $5M,90%,75%,9%,,13 – 24 mo
296,lincolncapital.me,Lincoln Capital,https://lincolncapital.me,(207) 772-7500,info@lincolncapital.me,phone_email,Portland,ME,1,False,"Lincoln Capital provides and services short term financing for real estate purchase and property development in Maine, specializing in fast and flexible bridge loans.",100000,1000000,,,,,,,,,,,,2006,none,,True,brave_search,ME,bridge|construction|fix_flip,$100K – $1M,,,,,
422,lincolnhomeloans.com,Lincoln Home Loans,https://lincolnhomeloans.com,(615) 386-7155,info@lincolnhomeloans.com,phone_email,Nashville,TN,1,False,"Lincoln Home Loans offers a variety of mortgage options including home purchase, refinance, and VA loans, with a commitment to providing competitive rates and excellent service.",,,,,,,,,,,,,,,hard_pull,580,False,brave_search,TN,cash_out|refi,,,,,,
80,littlecityinvestments.com,Little City Investments,https://littlecityinvestments.com,(512) 577-6049,,phone_only,Austin,TX,1,False,"Little City Investments provides quick, painless hard money loans for residential and commercial real estate in Texas.",150000,,0.75,,0.1,,2.0,3.0,12,12,True,,,2006,hard_pull,550,False,brave_search,TX,bridge|cash_out|fix_flip|rental,$150K,75%,,10%,2 – 3 pts,12 mo
297,ljcfinancial.com,LJC Financial,https://ljcfinancial.com,(713) 314-0350,greg@ljcfinancial.com,phone_email,Houston,TX,1,False,"LJC Financial is a hard money lender in Texas specializing in fast, asset-based financing solutions for real estate investors.",100000,2000000,0.8,,,,,,12,24,,,,2007,none,,True,brave_search,TX,bridge|cash_out|fix_flip|rental,$100K – $2M,80%,,,,12 – 24 mo
127,lm2investments.com,LM2 Investment Group,https://lm2investments.com,(480) 444-2242,,phone_only,Scottsdale,AZ,1,False,"LM2 Investment Group is a hard money lender in Arizona, providing quick funding solutions for real estate investors.",,,0.75,,,,,,6,24,,285084,,,none,,True,brave_search,AZ,bridge|construction|dscr|fix_flip|ground_up|multifamily|rental,,75%,,,,6 – 24 mo
239,lpnola.com,"Loan Partners, LLC",https://lpnola.com,(504) 267-7459,info@lpnola.com,phone_email,New Orleans,LA,1,False,"Loan Partners is a private lender specializing in fast, reliable funding for real estate investors in New Orleans and the Gulf Coast.",,,0.8,0.7,0.109,,2.0,,12,36,,,,,,,False,brave_search,LA,bridge|commercial|dscr|fix_flip|ground_up,,80%,70%,11%,2 pts,12 – 36 mo
423,locklincapital.com,Locklin Capital,https://locklincapital.com,(770) 250-2051,info@locklincapital.com,phone_email,Woodstock,GA,1,False,"Locklin Capital offers professional private lending and hard money loans for residential, commercial, and multifamily properties.",,,,,,,,,,,,,,2018,hard_pull,600,False,brave_search,GA,bridge|cash_out|construction|dscr|fix_flip,,,,,,
238,lonestarfinancing.com,Lone Star Financing,https://lonestarfinancing.com,(855) 314-8080,,phone_only,,TX,1,False,"Lone Star Financing is a leading mortgage broker delivering lower rates, lower closing costs, and a streamlined experience for home loans and refinancing in Texas.",500000,50000000,0.85,,,,,,,,,,,,,,False,brave_search,TX,commercial|dscr,$500K – $50M,85%,,,,
47,longhorninvestments.com,Longhorn Investments,https://longhorninvestments.com,(877) 420-7346,,phone_only,Dallas,TX,11,False,Longhorn Investments is a direct private lender offering short term acquisition and renovation capital to real estate investors for both residential and commercial assets.,,,,,,,,,,,,,,2008,,,False,brave_search,AL|AR|GA|IN|KS|MO|NC|NM|OH|TN|TX,construction|fix_flip,,,,,,
41,longleaflending.com,Longleaf Lending,https://longleaflending.com,,,web_only,,,51,True,"Fast, tailored hard money solutions for real estate investors, offering a range of loan products including fix and flip, bridge, rental, and ground up financing.",75000,2000000,0.8,0.7,0.065,0.12,2.0,3.5,6,12,,,,2020,hard_pull,640,False,brave_search,AK|AL|AR|AZ|CA|CO|CT|DC|DE|FL|GA|HI|IA|ID|IL|IN|KS|KY|LA|MA|MD|ME|MI|MN|MO|MS|MT|NC|ND|NE|NH|NJ|NM|NV|NY|OH|OK|OR|PA|RI|SC|SD|TN|TX|UT|VA|VT|WA|WI|WV|WY,bridge|fix_flip|ground_up|rental,$75K – $2M,80%,70%,6% – 12%,2 – 3.5 pts,6 – 12 mo
424,loopwholefunding.com,Loop Whole Funding,https://loopwholefunding.com,(800) 217-9165,,phone_only,Stafford,VA,51,True,"Loop Whole Funding specializes in fast and reliable fix-and-flip loans, rental loans, and various other financing options for real estate investors.",50000,5000000,0.8,,,,,,6,36,,,,,soft_pull,,True,brave_search,AK|AL|AR|AZ|CA|CO|CT|DC|DE|FL|GA|HI|IA|ID|IL|IN|KS|KY|LA|MA|MD|ME|MI|MN|MO|MS|MT|NC|ND|NE|NH|NJ|NM|NV|NY|OH|OK|OR|PA|RI|SC|SD|TN|TX|UT|VA|VT|WA|WI|WV|WY,bridge|construction|dscr|fix_flip|rental,$50K – $5M,80%,,,,6 – 36 mo
368,colorado.goluminate.com,Luminate Home Loans,https://colorado.goluminate.com,,,web_only,Westminster,CO,1,False,"Luminate Home Loans offers specialized loan programs for real estate investors, including an Investor/DSCR Loan program tailored for non-owner-occupied properties.",,2000000,0.75,,,,,,,,,1281698,,,,,False,brave_search,CO,dscr,$2M,75%,,,,
63,lynkcapital.com,"LYNK Capital Management Company, LLC",https://lynkcapital.com,(844) 489-8454,investorcare@lynkcapital.com,phone_email,Jacksonville,FL,1,False,"LYNK Capital provides disciplined, transparent access to specialized private market opportunities, focusing on structured, asset-backed strategies.",,,,,,,,,,,,,,2013,,,False,brave_search,FL,bridge,,,,,,
425,lynkmortgage.com,LYNK Mortgage,https://lynkmortgage.com,(407) 476-2500,,phone_only,Raleigh,NC,31,False,"LYNK Mortgage is a modern private lender offering residential renovation, construction, and rental loans across the country.",,,0.8,,0.06,0.095,,,6,30,True,,,,,,False,brave_search,AL|AR|CO|CT|DC|DE|FL|GA|IA|IN|KS|KY|LA|MA|MD|MI|MO|MS|NC|NE|NJ|OH|OK|PA|RI|SC|TN|TX|VA|WI|WV,construction|dscr|fix_flip|multifamily,,80%,,6% – 10%,,6 – 30 mo
121,mmprivatelending.com,"M&M Private Lending Group, LLC",https://mmprivatelending.com,(305) 899-2201,loans@mmprivatelending.com,phone_email,Fort Lauderdale,FL,5,False,"M&M Private Lending Group specializes in arranging private money real estate loans, focusing on rapid personalized service and competitive rates.",,,0.65,,0.099,0.13,,,12,36,True,860339,,,none,,True,brave_search,CO|FL|GA|MA|NY,bridge|cash_out|fix_flip|refi,,65%,,10% – 13%,,12 – 36 mo
207,mach1lending.com,Mach1 Lending,https://mach1lending.com,(262) 264-8606,anthony@mach1capital.net,phone_email,Fox Point,WI,1,False,"Mach1 Lending provides hard money loans for real estate investors, focusing on fast, flexible funding for fix and flip projects.",,,,,,,,,,,,,,,none,,True,brave_search,WI,fix_flip,,,,,,
426,maecapital.com,MAE Capital Mortgage Inc.,https://maecapital.com,(916) 672-6130,info@maecapital.com,phone_email,Rocklin,CA,1,False,"MAE Capital Mortgage Inc. offers a range of mortgage services including hard money loans, VA loans, and commercial funding.",,,,,,,,,,,,806170,,,none,,True,brave_search,CA,commercial,,,,,,
185,mainemortgagesolutions.com,Maine Mortgage Solutions LLC,https://mainemortgagesolutions.com,(207) 730-1495,info@mainemtgs.com,phone_email,Scarborough,ME,3,False,"Maine Mortgage Solutions LLC offers a variety of mortgage solutions including private money loans, refinancing, and home purchase loans.",,,,,,,,,,,,1885405,,,,,False,brave_search,FL|ME|NH,fix_flip|refi,,,,,,
429,malvecapital.com,Malve Capital LLC,https://malvecapital.com,(866) 625-8321,,phone_only,,,1,False,"Malve Capital LLC provides flexible and reliable financing for real estate acquisitions, refinances, and construction.",50000,10000000,1.0,0.75,0.07,0.09,,,3,24,True,,,,soft_pull,,True,brave_search,NY,bridge|brrrr|construction|fix_flip,$50K – $10M,100%,75%,7% – 9%,,3 – 24 mo
93,manhattanbridgecapital.com,"Manhattan Bridge Capital, Inc.",https://manhattanbridgecapital.com,(516) 444-3400,info@manhattanbridgecapital.com,phone_email,Great Neck,NY,4,False,"Manhattan Bridge Capital is a leading hard money lender to professional real estate investors, offering fix and flip loans, bridge loans, and loans for small, new construction projects.",,,,,,,,,12,12,True,,,1989,,,False,brave_search,CT|FL|NJ|NY,bridge|construction|fix_flip,,,,,,12 mo
430,martinimortgagegroup.com,Martini Mortgage Group,https://martinimortgagegroup.com,(919) 238-4934,team@martinimortgagegroup.com,phone_email,Raleigh,NC,6,False,Martini Mortgage Group is a Raleigh-based mortgage advisory firm providing fiduciary-style mortgage guidance to homebuyers and homeowners across North Carolina.,,,,,,,,,,,,3446,,2006,,,False,brave_search,FL|KY|MD|NC|SC|VA,cash_out|dscr|refi,,,,,,
128,marylandrealestatelenders.com,"Maryland Hard Money Lenders, LLC",https://marylandrealestatelenders.com,(443) 759-3644,info@marylandrealestatelenders.com,phone_email,Baltimore,MD,1,False,We provide real estate investors with the funds they need to buy and rehab homes in Maryland.,,,,,,,,,,,,,,,hard_pull,,False,brave_search,MD,bridge|fix_flip,,,,,,
136,marylandprivatemortgage.com,Maryland Private Mortgage,https://marylandprivatemortgage.com,(410) 661-8300,,phone_only,Owings Mills,MD,3,False,"Maryland Private Mortgage is Baltimore’s leading hard money lender, providing fast and flexible financing solutions for investors, rehabbers, and landlords.",,,,,0.01,,,,,,,,True,,none,,True,brave_search,DC|MD|VA,bridge|commercial|construction|fix_flip,,,,1%,,
298,masshardmoney.com,Mass Hard Money,https://masshardmoney.com,(617) 892-9099,bill@masshardmoney.com,phone_email,Boston,MA,1,False,"Mass Hard Money specializes in providing fast, flexible funding solutions for real estate investors, particularly for fix-and-flip projects.",,,,,,,,,6,18,True,,,,none,,True,brave_search,MA,fix_flip,,,,,,6 – 18 mo
431,massdevelopment.com,MassDevelopment,https://massdevelopment.com,(617) 330-2000,,phone_only,Boston,MA,1,False,"MassDevelopment offers unique financing, real estate, and community development solutions to grow businesses, create opportunity, and energize cities and towns across Massachusetts.",5000,10000000,0.9,,,,1.0,,,,,,,,hard_pull,575,False,brave_search,MA,commercial|construction,$5K – $10M,90%,,,1 pts,
439,mvplender.com,Mayflower Venture Partners,https://mvplender.com,(617) 553-6781,loans@mvplender.com,phone_email,Quincy,MA,5,False,"Mayflower Venture Partners provides hard money loans for real estate investors, specializing in new construction and fix-and-flip projects.",1000000,4000000,0.9,0.75,0.0999,0.1299,1.0,3.0,12,,True,,,,hard_pull,620,False,brave_search,CT|MA|ME|NH|RI,bridge|dscr|fix_flip|ground_up,$1M – $4M,90%,75%,10% – 13%,1 – 3 pts,12 mo
299,mccarthy.capital,McCarthy Capital,https://mccarthy.capital,,info@mccarthy.capital,email_only,Coeur d'Alene,ID,2,False,"McCarthy Capital is a hard money lender offering lending opportunities to real estate investors, builders, and individual borrowers in North Idaho and Eastern Washington.",50000,1000000,0.7,,0.1,0.14,3.0,6.0,12,36,True,,,2011,,,False,brave_search,ID|WA,bridge|commercial|fix_flip|ground_up,$50K – $1M,70%,,10% – 14%,3 – 6 pts,12 – 36 mo
241,mcgowanmortgages.com,McGowan Mortgages,https://mcgowanmortgages.com,(816) 631-9687,,phone_only,Kansas City,MO,1,False,"McGowan Mortgages is a mortgage broker providing flexible and affordable mortgage solutions, including DSCR loans and a unique Better Than a Bridge loan program.",,,0.85,,,,,,,,,,,,hard_pull,,False,brave_search,MO,bridge|dscr,,85%,,,,
449,phoenixhardmoney.com,Merchant Mortgage & Trust Corporation (MMTC),https://phoenixhardmoney.com,(602) 684-1658,dan@phoenixhardmoney.com,phone_email,Scottsdale,AZ,1,False,"Phoenix Hard Money Loans for Real Estate Investors offering Fix & Flip and Ground-Up Construction Financing with Fast, Flexible Terms.",,,0.95,,0.08,0.09,,,,,True,259288,,,none,,True,brave_search,AZ,fix_flip|ground_up,,95%,,8% – 9%,,
208,metroprivatelending.com,Metro Private Lending,https://metroprivatelending.com,(602) 699-3501,pl@metro-az.com,phone_email,Phoenix,AZ,1,False,Metro Private Lending is a private money and hard money lender specializing in asset-based loans for real estate investors in Arizona.,,,,,,,,,,,,BK-1046952,,,none,,True,brave_search,AZ,bridge|commercial|construction|dscr|fix_flip|refi,,,,,,
182,emetropolitan.com,Metropolitan Mortgage Corporation,https://emetropolitan.com,(913) 642-8300,,phone_only,Overland Park,KS,2,False,"Metropolitan Mortgage Corporation offers a variety of mortgage products including conventional, jumbo, FHA, and bridge loans, primarily serving the Kansas and Missouri markets.",,3000000,,,0.0,0.12,,,,,,227722,,1997,hard_pull,620,False,brave_search,KS|MO,bridge,$3M,,,0% – 12%,,
432,michiganelitelending.com,Michigan Elite Lending,https://michiganelitelending.com,(248) 303-6281,ryantarkington@michiganelitelending.com,phone_email,Oakland Twp,MI,1,False,"Michigan Elite Lending is dedicated to helping individuals achieve homeownership through personalized mortgage solutions, including investment property loans and refinancing options.",,,,,,,,,,,,1653619,,2017,hard_pull,600,False,brave_search,MI,refi|rental,,,,,,
300,michiganmortgagesolutions.com,Michigan Mortgage Solutions,https://michiganmortgagesolutions.com,(248) 963-1894,,phone_only,,MI,1,False,"Michigan Mortgage Solutions offers a variety of mortgage services including home purchase loans, refinancing, and investor loans such as fix-and-flip and DSCR loans.",,,,,,,,,6,18,True,,,1999,none,,True,brave_search,MI,brrrr|dscr|fix_flip|rental,,,,,,6 – 18 mo
184,maccllc.com,"Mid-Atlantic Commercial Capital, LLC",https://maccllc.com,(540) 825-9800,ckearns@maccllc.com,phone_email,Culpeper,VA,2,False,"Mid-Atlantic Commercial Capital, LLC specializes in providing various types of commercial loans including hard money and bridge loans to small and medium-sized businesses.",1000000,20000000,0.8,,0.0725,,,,6,36,True,,,,none,,True,brave_search,DC|VA,bridge|commercial,$1M – $20M,80%,,7%,,6 – 36 mo
433,minolending.com,Mino Lending Solutions,https://minolending.com,,,web_only,,,51,True,"Mino Lending Solutions is a full service, nationwide mortgage originator that specializes in financing real estate investors.",500000,50000000,0.75,,0.1025,,,,12,36,True,,,2025,,,False,brave_search,AK|AL|AR|AZ|CA|CO|CT|DC|DE|FL|GA|HI|IA|ID|IL|IN|KS|KY|LA|MA|MD|ME|MI|MN|MO|MS|MT|NC|ND|NE|NH|NJ|NM|NV|NY|OH|OK|OR|PA|RI|SC|SD|TN|TX|UT|VA|VT|WA|WI|WV|WY,cash_out|commercial|fix_flip|multifamily|rental,$500K – $50M,75%,,10%,,12 – 36 mo
149,mmlending.com,MM Lending,https://mmlending.com,(502) 400-3011,,phone_only,Louisville,KY,3,False,"MM Lending is a private lender serving real estate investors in Ohio, Indiana, and Kentucky, offering fast closings and competitive rates.",100000,1500000,0.8,,0.05875,0.1199,0.0,2.0,12,360,,,,2005,,,False,brave_search,IN|KY|OH,brrrr|construction|dscr|fix_flip,$100K – $1.5M,80%,,6% – 12%,0 – 2 pts,12 – 360 mo
242,membermortgage.com,"MMS Mortgage Services, Ltd.",https://membermortgage.com,(248) 788-0800,,phone_only,Farmington Hills,MI,15,False,"MMS Mortgage Services, Ltd. is a licensed mortgage lender offering a broad range of mortgage products including FHA, VA, USDA, conventional, jumbo, and more.",,,0.75,,,,,,,,,131062,,1987,hard_pull,,False,brave_search,AL|CO|CT|FL|IA|IN|KY|LA|MA|MI|NC|NH|OH|PA|TN,construction|rental,,75%,,,,
434,moderndaylending.com,Modern Day Lending,https://moderndaylending.com,(516) 289-9706,,phone_only,,,51,True,"We provide flexible mortgage solutions for self-employed individuals and real estate investors, including cash-out refinance and asset-based loans.",100000,10000000,0.9,,,,,,,,,173855,,,hard_pull,620,False,brave_search,AK|AL|AR|AZ|CA|CO|CT|DC|DE|FL|GA|HI|IA|ID|IL|IN|KS|KY|LA|MA|MD|ME|MI|MN|MO|MS|MT|NC|ND|NE|NH|NJ|NM|NV|NY|OH|OK|OR|PA|RI|SC|SD|TN|TX|UT|VA|VT|WA|WI|WV|WY,bridge|brrrr|cash_out|commercial|construction|dscr|fix_flip|multifamily|refi|rental,$100K – $10M,90%,,,,
243,mofinloans.com,MoFin Lending Corporation,https://mofinloans.com,(866) 900-6634,sales@mofinloans.com,phone_email,New York,NY,37,False,"MoFin is a direct lender for residential and commercial investment properties, offering solutions for real estate investors including bridge loans, rental loans, and ground-up construction.",150000,2000000,0.9,,0.0575,0.1025,2.0,2.5,12,360,True,,,,hard_pull,680,False,brave_search,AL|AR|CA|CO|CT|DE|FL|GA|IA|IL|IN|KS|KY|LA|MA|MD|ME|MI|MO|MS|NC|NH|NJ|NM|NY|OH|OK|PA|RI|SC|TN|TX|VA|WA|WI|WV|WY,bridge|ground_up|rental,$150K – $2M,90%,,6% – 10%,2 – 2.5 pts,12 – 360 mo
186,monroefundingcorp.com,Monroe Funding Corp,https://monroefundingcorp.com,(954) 816-0388,monroefund@gmail.com,phone_email,Fort Lauderdale,FL,1,False,"Monroe Funding Corp specializes in hard money lending throughout Florida, offering quick funding solutions for various property types.",100000,5000000,0.8,0.7,0.0625,,,,24,,True,1873548,,2019,none,,True,brave_search,FL,bridge|commercial|dscr|fix_flip|multifamily|refi|rental,$100K – $5M,80%,70%,6%,,24 mo
435,montanapromortgage.com,"Montana Professional Mortgage, LLC",https://montanapromortgage.com,(406) 599-2027,chad@montanapromortgage.com,phone_email,Missoula,MT,1,False,"Montana Professional Mortgage, LLC offers a variety of mortgage solutions including construction loans, VA loans, and DSCR loans, tailored to meet the needs of homebuyers and real estate investors.",,,,,,,,,,,,2637160,,,,,False,brave_search,MT,construction|dscr,,,,,,
81,montegra.com,Montegra Capital Resources Ltd.,https://montegra.com,(720) 741-6620,loans@montegra.com,phone_email,Denver,CO,1,False,"Montegra Capital Resources is a trusted hard money lender in Colorado, specializing in bridge loans and flexible lending options for real estate investors.",250000,4000000,0.65,,0.095,0.11,2.0,4.0,6,36,True,,,1971,none,,True,brave_search,CO,bridge|cash_out,$250K – $4M,65%,,10% – 11%,2 – 4 pts,6 – 36 mo
209,mortgageequitypartners.com,Mortgage Equity Partners,https://mortgageequitypartners.com,,,web_only,,,24,False,"Mortgage Equity Partners offers a variety of mortgage products including construction loans, renovation loans, and non-QM loans, focusing on providing a personalized financing experience.",100000,3000000,0.9,,,,,,,,True,1936,,,hard_pull,700,False,brave_search,AL|CA|CO|CT|DC|DE|FL|GA|KY|MA|MD|ME|NC|NH|NJ|PA|RI|SC|TN|TX|VA|VT|WA|WV,construction|dscr|fix_flip,$100K – $3M,90%,,,,
437,mortgagemark.com,Mortgage Mark,https://mortgagemark.com,(972) 829-8639,mortgagemark@mortgagemark.com,phone_email,Dallas,TX,1,False,"Mortgage Mark offers a variety of mortgage loan programs including construction loans, refinancing, and home purchase loans in Texas.",,,,,,,,,,,,729612,,,,,False,brave_search,TX,construction|refi,,,,,,
137,mortgagevintage.com,Mortgage Vintage,https://mortgagevintage.com,(949) 763-3982,,phone_only,Newport Beach,CA,1,False,Mortgage Vintage offers fast and professional hard money loans for real estate investors and business owners in California.,100000,3500000,0.7,0.6,0.0999,0.125,2.0,,12,36,True,,,,hard_pull,620,False,brave_search,CA,bridge|brrrr|cash_out|commercial|construction|dscr|fix_flip|multifamily|refi|rental,$100K – $3.5M,70%,60%,10% – 12%,2 pts,12 – 36 mo
240,massprivatelending.com,MPL Capital Management,https://massprivatelending.com,(617) 390-8840,loans@massprivatelending.com,phone_email,Cohasset,MA,2,False,"MPL Capital Management is a direct hard money lender in Massachusetts offering renovation, rehab, bridge, and new construction mortgage loans.",,,0.8,,0.12,0.14,1.5,3.0,6,12,True,,,2009,none,,True,brave_search,MA|RI,bridge|construction|fix_flip,,80%,,12% – 14%,1.5 – 3 pts,6 – 12 mo
438,munozghezlan.com,Munoz Ghezlan & Co. Ltd.,https://munozghezlan.com,(917) 938-7126,office@munoz.ltd,phone_email,New York,NY,13,False,"Munoz Ghezlan offers DSCR rental property loans and cash-out refinance options for real estate investors, focusing on income generated by properties rather than personal income.",50000,20000000,0.8,,0.062,,,,,,,,,,hard_pull,620,False,brave_search,AL|AZ|FL|GA|IN|MI|MO|NC|NV|OH|TN|TX|WI,cash_out|dscr,$50K – $20M,80%,,6%,,
109,mybridgeloan.com,My Bridge Loan,https://mybridgeloan.com,(646) 870-4114,contact@lionfoxpartners.com,phone_email,West Palm Beach,FL,10,False,My Bridge Loan specializes in providing flexible bridge loans and special situation financing for real estate investors.,1000000,25000000,0.7,,0.1,0.15,1.5,,12,24,True,,,,,,False,brave_search,CT|FL|GA|MD|NC|NJ|NY|PA|SC|VA,bridge|construction,$1M – $25M,70%,,10% – 15%,1.5 pts,12 – 24 mo
122,myerscapitalhawaii.com,Myers Capital Hawaii,https://myerscapitalhawaii.com,(808) 566-6611,,phone_only,Honolulu,HI,51,True,"Myers Capital Hawaii is a private lender offering a variety of mortgage solutions for residential and commercial properties, focusing on real estate investors.",,1249125,,,0.05375,0.0599,,,,,True,1662480,,1998,none,,True,brave_search,AK|AL|AR|AZ|CA|CO|CT|DC|DE|FL|GA|HI|IA|ID|IL|IN|KS|KY|LA|MA|MD|ME|MI|MN|MO|MS|MT|NC|ND|NE|NH|NJ|NM|NV|NY|OH|OK|OR|PA|RI|SC|SD|TN|TX|UT|VA|VT|WA|WI|WV|WY,bridge|commercial|dscr|fix_flip|ground_up,$1.2M,,,5% – 6%,,
210,myerscapitalvirginia.com,Myers Capital Virginia,https://myerscapitalvirginia.com,(866) 996-9377,infovirginia@myerscapital.com,phone_email,,,51,True,"Myers Capital Virginia provides mortgage lending and real estate advisory services to real estate investors throughout the country, offering a wide range of loan programs including bridge loans, fix and flip, and DSCR loans.",100000,10000000,0.8,0.7,,,,,4,36,True,1662480,,1998,none,,True,brave_search,AK|AL|AR|AZ|CA|CO|CT|DC|DE|FL|GA|HI|IA|ID|IL|IN|KS|KY|LA|MA|MD|ME|MI|MN|MO|MS|MT|NC|ND|NE|NH|NJ|NM|NV|NY|OH|OK|OR|PA|RI|SC|SD|TN|TX|UT|VA|VT|WA|WI|WV|WY,bridge|dscr|fix_flip|rental,$100K – $10M,80%,70%,,,4 – 36 mo
211,nmhl.us,National Mortgage Lenders,https://nmhl.us,(800) 123-4567,info@nmhl.us,phone_email,Anytown,CA,3,False,"We provide hard money loans for real estate investors, specializing in fix and flip and rental properties.",50000,2000000,0.75,,0.08,0.12,2.0,4.0,6,24,True,123456,True,2010,,,False,brave_search,CA|FL|TX,fix_flip|rental,$50K – $2M,75%,,8% – 12%,2 – 4 pts,6 – 24 mo
442,nationalprivatelending.com,National Private Lending,https://nationalprivatelending.com,(800) 805-8209,info@nationalprivatelending.com,phone_email,Chicago,IL,51,True,"Offering quick and reliable funding solutions for residential real estate projects, whether you're building from the ground up, renovating properties for resale, or holding long-term rental investments.",50000,3000000,0.8,,0.04,,,,12,24,,,,,hard_pull,640,False,brave_search,AK|AL|AR|AZ|CA|CO|CT|DC|DE|FL|GA|HI|IA|ID|IL|IN|KS|KY|LA|MA|MD|ME|MI|MN|MO|MS|MT|NC|ND|NE|NH|NJ|NM|NV|NY|OH|OK|OR|PA|RI|SC|SD|TN|TX|UT|VA|VT|WA|WI|WV|WY,bridge|construction|fix_flip|multifamily|rental,$50K – $3M,80%,,4%,,12 – 24 mo
187,nelsonfunding.com,Nelson Funding,https://nelsonfunding.com,(801) 845-0092,,phone_only,Salt Lake City,UT,51,True,"Nelson Funding provides fast and flexible real estate financing solutions, specializing in bridge loans, construction loans, and private money lending.",500000,50000000,0.85,,0.08,0.12,,,6,36,True,,,,none,,True,brave_search,AK|AL|AR|AZ|CA|CO|CT|DC|DE|FL|GA|HI|IA|ID|IL|IN|KS|KY|LA|MA|MD|ME|MI|MN|MO|MS|MT|NC|ND|NE|NH|NJ|NM|NV|NY|OH|OK|OR|PA|RI|SC|SD|TN|TX|UT|VA|VT|WA|WI|WV|WY,bridge|commercial|construction|multifamily,$500K – $50M,85%,,8% – 12%,,6 – 36 mo
52,newfundingresources.com,"New Funding Resources, LLC",https://newfundingresources.com,(240) 436-2340,,phone_only,Gaithersburg,MD,3,False,"New Funding Resources provides hard money loans for real estate investors in Maryland, Virginia, and Washington, DC, specializing in fix-and-flip, buy-and-hold, and bridge loans.",,,0.9,,,,,,6,18,,,,,none,,True,brave_search,DC|MD|VA,bridge|brrrr|fix_flip|refi|rental,,90%,,,,6 – 18 mo
443,newmexicohardmoneyloans.com,New Mexico Hard Money Loans,https://newmexicohardmoneyloans.com,(505) 895-5770,tim@newmexicohardmoneyloans.com,phone_email,Albuquerque,NM,1,False,"We fund asset-based loans FAST, focusing on real estate with bad or no credit.",50000,3000000,0.7,,,,,,6,24,,,,,none,,True,brave_search,NM,fix_flip,$50K – $3M,70%,,,,6 – 24 mo
7,newsilver.com,New Silver,https://newsilver.com,,,web_only,,,14,False,"New Silver offers hard money loans for real estate investors, specializing in fix and flip, ground up construction, and rental property loans.",100000,5000000,0.75,0.75,0.1025,0.1125,1.0,2.0,18,18,True,,,,hard_pull,650,False,brave_search,AZ|CA|CO|CT|FL|MA|NC|NJ|NY|RI|SC|TN|TX|WA,dscr|fix_flip|ground_up|rental,$100K – $5M,75%,75%,10% – 11%,1 – 2 pts,18 mo
100,newwaveloans.com,"New Wave Loans Residential, LLC",https://newwaveloans.com,(800) 418-6803,info@newwaveloans.com,phone_email,North Miami Beach,FL,1,False,New Wave Loans is a Florida-based licensed hard money lender originating commercial and residential property real estate loans.,200000,50000000,0.65,,0.0875,,1.75,,12,36,True,994227,,,none,,True,brave_search,FL,commercial|construction|fix_flip|rental,$200K – $50M,65%,,9%,1.75 pts,12 – 36 mo
445,nyprivatefinance.com,New York Private Finance,https://nyprivatefinance.com,(212) 850-4590,queries@nyprivatefinance.com,phone_email,New York,NY,1,False,"New York Private Finance provides tailored financing solutions, using illiquid assets as collateral, with transaction sizes ranging from $5MM to $30MM.",5000000,30000000,,,,,,,36,72,,,,,none,,True,brave_search,NY,bridge|refi,$5M – $30M,,,,,36 – 72 mo
34,newfi.com,Newfi,https://newfi.com,(888) 316-3934,,phone_only,,,51,True,"Newfi offers a variety of mortgage solutions including DSCR loans, allowing investors to qualify using rental income instead of personal income.",150000,3000000,0.8,,,,,,15,480,True,,,,hard_pull,640,False,brave_search,AK|AL|AR|AZ|CA|CO|CT|DC|DE|FL|GA|HI|IA|ID|IL|IN|KS|KY|LA|MA|MD|ME|MI|MN|MO|MS|MT|NC|ND|NE|NH|NJ|NM|NV|NY|OH|OK|OR|PA|RI|SC|SD|TN|TX|UT|VA|VT|WA|WI|WV|WY,cash_out|dscr,$150K – $3M,80%,,,,15 – 480 mo
165,newmarkinvestment.com,Newmark Investment,https://newmarkinvestment.com,(775) 358-4428,info@newmarkinvestment.com,phone_email,Sparks,NV,1,False,"Newmark Investment specializes in private money and hard money loans, offering flexible financing solutions for various property types including commercial and residential.",,,,,,,,,,,,379632,,,none,,True,brave_search,NV,commercial|construction|fix_flip|rental,,,,,,
436,mortgageguydan.com,"NEXA Mortgage, LLC",https://mortgageguydan.com,(425) 260-5562,dmellis@nexamortgage.com,phone_email,Chandler,AZ,51,True,"NEXA Mortgage, LLC offers a wide range of loan options including FHA, VA, USDA, Jumbo, Conventional, Commercial, Reverse Mortgage, Non-QM, and Hard Money Financing.",,,,,,,,,,,,1660690,,,,,False,brave_search,AK|AL|AR|AZ|CA|CO|CT|DC|DE|FL|GA|HI|IA|ID|IL|IN|KS|KY|LA|MA|MD|ME|MI|MN|MO|MS|MT|NC|ND|NE|NH|NJ|NM|NV|NY|OH|OK|OR|PA|RI|SC|SD|TN|TX|UT|VA|VT|WA|WI|WV|WY,bridge|commercial|fix_flip|refi|rental,,,,,,
427,makefloridayourhome.com,"Next Wave Mortgage, LLC",https://makefloridayourhome.com,(617) 529-9317,hello@makefloridayourhome.com,phone_email,Fort Lauderdale,FL,1,False,"Next Wave Mortgage specializes in finding the best rates and loan options for first-time homebuyers in Florida, offering personalized service throughout the loan process.",,,,,,,,,,,,2536820,,,none,,True,brave_search,FL,bridge|brrrr|cash_out|commercial|construction|dscr|fix_flip|ground_up|multifamily|refi|rental,,,,,,
301,noblemortgage.com,Noble Mortgage,https://noblemortgage.com,(713) 680-8100,info@noblemortgage.com,phone_email,Houston,TX,1,False,"Fast, flexible hard money loans for real estate investors in Texas, specializing in various loan types including fix and flip, new construction, and commercial hard money loans.",50000,2000000,0.75,,0.0999,,,,6,12,True,292143,,2003,hard_pull,650,False,brave_search,TX,bridge|brrrr|commercial|construction|dscr|fix_flip|multifamily|rental,$50K – $2M,75%,,10%,,6 – 12 mo
302,nolalending.com,NOLA Lending Group,https://nolalending.com,(866) 872-5399,,phone_only,,LA,3,False,"NOLA Lending Group offers a variety of mortgage options including conventional, FHA, VA, USDA, and jumbo loans, as well as specialized programs for unique property types and first-time homebuyers.",,,,,,,,,,,,408902,,,,,False,brave_search,FL|LA|MS,commercial|fix_flip|refi|rental,,,,,,
303,norfolkcapital.com,Norfolk Capital,https://norfolkcapital.com,(617) 718-5363,,phone_only,Boston,MA,35,False,"Norfolk Capital provides fast and flexible hard money financing for real estate investors and developers in Boston, specializing in fix and flip, new construction, and DSCR loans.",100000,20000000,0.85,,,,,,12,,True,,,,soft_pull,,True,brave_search,AK|AL|AR|CO|CT|DC|DE|GA|HI|IL|IN|KY|LA|MA|MD|ME|MI|MO|MS|NE|NH|NJ|NM|NY|OH|OK|PA|RI|SC|TN|TX|WA|WI|WV|WY,bridge|commercial|construction|dscr|fix_flip|multifamily|refi|rental,$100K – $20M,85%,,,,12 mo
457,residentialbridgeloanlenders.com,North Coast Financial,https://residentialbridgeloanlenders.com,(760) 722-2991,contact@northcoastfinancialinc.com,phone_email,,CA,1,False,North Coast Financial provides residential bridge loans that unlock the equity in your current home so you can purchase your next one without waiting.,,,0.7,,0.0995,0.1095,1.25,1.95,,11,,323044,,1981,none,,True,brave_search,CA,bridge,,70%,,10% – 11%,1.25 – 1.95 pts,11 mo
61,northcoastfinancialinc.com,"North Coast Financial, Inc.",https://northcoastfinancialinc.com,(760) 722-2991,contact@northcoastfinancialinc.com,phone_email,Oceanside,CA,1,False,"North Coast Financial is a direct hard money lender in California, offering various types of loans including bridge, fix and flip, and commercial loans.",,,0.7,,0.1,0.11,,,12,24,,323044,,1981,,,False,brave_search,CA,bridge|cash_out|commercial|fix_flip|refi|rental,,70%,,10% – 11%,,12 – 24 mo
123,northoakinvestment.com,North Oak Investment,https://northoakinvestment.com,(816) 249-1001,contact@northoakinvestment.com,phone_email,Kansas City,MO,1,False,"Kansas City’s trusted local hard money lender, invested in our clients’ success for 40+ years.",,,,,,,,,,,,,,1972,,,False,brave_search,MO,brrrr|dscr|fix_flip,,,,,,
444,northmarq.com,Northmarq,https://northmarq.com,(952) 356-0100,,phone_only,Minneapolis,MN,45,False,"Northmarq provides comprehensive capital markets services, including debt and equity financing for commercial real estate.",,,,,,,,,,,,,,,,,False,brave_search,AK|AL|AR|AZ|CA|CO|CT|DC|DE|FL|GA|HI|IA|ID|IL|IN|KS|KY|LA|MA|MD|MI|MN|MO|MS|MT|NC|ND|NE|NJ|NM|NV|NY|OH|OK|OR|PA|SC|TN|TX|UT|VA|WA|WI|WV,bridge|commercial|multifamily,,,,,,
50,nwprivatelending.com,Northwest Private Lending,https://nwprivatelending.com,(503) 941-5473,,phone_only,Lake Oswego,OR,3,False,"Northwest Private Lending offers a variety of hard money loan options for real estate investors in Oregon, Washington, and Idaho, including fix and flip, bridge, and construction loans.",25000,2000000,,,0.01,,3.0,,1,120,True,1522364,,,none,,True,brave_search,ID|OR|WA,bridge|cash_out|construction|fix_flip|refi,$25K – $2M,,,1%,3 pts,1 – 120 mo
82,nqmf.com,"NQM Funding, LLC",https://nqmf.com,(888) 473-4858,,phone_only,Chicago,IL,2,False,"NQM Funding, LLC offers a comprehensive range of non-qualified mortgage products, focusing on flexible financing solutions for investors and self-employed borrowers.",,,0.9,,,,,,,,,75597,,,,,False,brave_search,GA|TX,cash_out|dscr,,90%,,,,
75,nvcapcorp.com,NV Capital Corporation,https://nvcapcorp.com,(702) 745-6787,,phone_only,Las Vegas,NV,1,False,"NV Capital Corporation is a private money lender specializing in hard money loans, bridge loans, and multifamily property financing in Nevada.",,,0.75,,,,,,12,36,True,1521580,,,none,,True,brave_search,NV,bridge|fix_flip|multifamily|rental,,75%,,,,12 – 36 mo
441,myoakleaf.com,Oak Leaf Community Mortgage,https://myoakleaf.com,(847) 599-7466,,phone_only,Lindenhurst,IL,1,False,Oak Leaf Community Mortgage offers a variety of mortgage programs including traditional and specialized portfolio loans for homebuyers and property investors.,,,,,,,,,,,,438265,,,,,False,brave_search,IL,fix_flip,,,,,,
446,oakwoodlending.com,"Oakwood Lending, LLC",https://oakwoodlending.com,(919) 890-8592,info@oakwoodlending.com,phone_email,Raleigh,NC,1,False,Oakwood Lending specializes in providing private money loans for experienced residential real estate investors in North Carolina.,,350000,0.7,500000.0,0.12,,2.0,,,12,,,True,2015,hard_pull,,False,brave_search,NC,brrrr|fix_flip,$350K,70%,50000000%,12%,2 pts,12 mo
271,coloradoloanpro.com,"Omni Fund, Inc.",https://coloradoloanpro.com,(303) 223-9843,,phone_only,Murrieta,CA,1,False,"Omni Fund, Inc. has been helping people achieve their homeownership goals since 2005, offering a variety of competitive loan options.",150000,4000000,0.85,,,,,,,,,4869,,2005,hard_pull,660,False,brave_search,CO,bridge|dscr,$150K – $4M,85%,,,,
166,onewesthardmoney.com,One West,https://onewesthardmoney.com,(314) 898-8687,loans@onewesthardmoney.com,phone_email,St. Louis,MO,1,False,"One West offers fast, flexible hard money loans for real estate investors, specializing in fix and flip, bridge loans, and other private lending solutions.",50000,100000000,0.9,0.7,0.1,0.12,1.5,5.0,6,72,True,,,,none,,True,brave_search,MO,bridge|brrrr|cash_out|commercial|construction|fix_flip|multifamily,$50K – $100M,90%,70%,10% – 12%,1.5 – 5 pts,6 – 72 mo
447,onyxcapitallending.com,Onyx Capital Lending,https://onyxcapitallending.com,,,web_only,Providence,RI,51,True,"Onyx Capital Lending specializes in providing tailored lending solutions for investors looking to purchase residential or commercial properties, offering a wide range of loan products.",100000,3000000,0.75,,0.0775,0.14,2.0,6.0,12,36,True,,,2016,hard_pull,580,False,brave_search,AK|AL|AR|AZ|CA|CO|CT|DC|DE|FL|GA|HI|IA|ID|IL|IN|KS|KY|LA|MA|MD|ME|MI|MN|MO|MS|MT|NC|ND|NE|NH|NJ|NM|NV|NY|OH|OK|OR|PA|RI|SC|SD|TN|TX|UT|VA|VT|WA|WI|WV|WY,bridge|brrrr|cash_out|commercial|construction|dscr|fix_flip|multifamily|refi|rental,$100K – $3M,75%,,8% – 14%,2 – 6 pts,12 – 36 mo
76,optimuscapitalcorp.com,"Optimus Capital, Inc.",https://optimuscapitalcorp.com,(855) 219-5295,info@optimuscapitalcorp.com,phone_email,Gold River,CA,21,False,"Optimus Capital provides niche lending solutions for real estate investors, specializing in hard money loans for various investment projects.",,,0.9,,,,,,,,True,,,,hard_pull,650,False,brave_search,AL|CA|CO|CT|FL|HI|IL|MA|MD|MI|MO|OH|OK|PA|SC|TN|TX|VA|WA|WI|WV,bridge|construction|fix_flip|multifamily|rental,,90%,,,,
77,pacesfunding.com,Paces Funding,https://pacesfunding.com,(404) 814-1644,,phone_only,,,7,False,Paces Funding is a private hard money lender offering loans for the purchase or renovation of non-owner occupied residential or commercial properties throughout the Southeast.,25000,20000000,0.7,,0.11,0.14,2.75,4.5,0,12,True,,,,none,,True,brave_search,FL|GA|NC|SC|TN|TX|VA,bridge|commercial|construction|fix_flip|rental,$25K – $20M,70%,,11% – 14%,2.75 – 4.5 pts,0 – 12 mo
150,pacifichomeloans.com,Pacific Home Loans,https://pacifichomeloans.com,(866) 389-2778,info@pacifichomeloans.com,phone_email,Kihei,HI,10,False,"Pacific Home Loans specializes in condominium and resort property financing, offering flexible financing options for homes, condominiums, and investment real estate.",1000000,30000000,0.8,,,,,,,,True,278194,,,,,False,brave_search,AZ|CA|CO|HI|MT|NV|OR|TN|TX|WA,bridge|commercial|construction|dscr|fix_flip|multifamily|refi|rental,$1M – $30M,80%,,,,
224,bestwashingtonlender.com,Pacific Northwest Capital Partners,https://bestwashingtonlender.com,(425) 677-4107,deanmiller@pnwms.com,phone_email,Issaquah,WA,5,False,Pacific Northwest Capital Partners is a private real estate lender specializing in hard money and bridge loans secured by commercial and residential investment real estate.,20000,15000000,,,,,,,12,36,True,,,1998,none,,True,brave_search,AZ|ID|MT|OR|WA,bridge|commercial|construction|dscr|fix_flip|multifamily|refi|rental,$20K – $15M,,,,,12 – 36 mo
212,pacificprivatemoney.com,Pacific Private Money,https://pacificprivatemoney.com,(415) 926-4444,,phone_only,Novato,CA,10,False,"Pacific Private Money offers fast, flexible private money lending solutions for residential and investment real estate.",500000,2000000,0.75,,0.105,0.1075,,,11,24,True,945582,,2008,none,,True,brave_search,AZ|CA|CO|DC|GA|ID|MI|OR|TX|WA,bridge,$500K – $2M,75%,,10% – 11%,,11 – 24 mo
245,parkplacefinance.com,Park Place Finance,https://parkplacefinance.com,(866) 407-1599,marketing@parkplaceus.com,phone_email,Austin,TX,51,True,"Park Place Finance is a nationwide hard money lender specializing in various loan products for real estate investors, including bridge loans, fix and flip loans, and DSCR loans.",100000,5000000,0.8,0.75,0.0899,,1.0,3.0,12,24,True,367411,,2006,hard_pull,660,False,brave_search,AK|AL|AR|AZ|CA|CO|CT|DC|DE|FL|GA|HI|IA|ID|IL|IN|KS|KY|LA|MA|MD|ME|MI|MN|MO|MS|MT|NC|ND|NE|NH|NJ|NM|NV|NY|OH|OK|OR|PA|RI|SC|SD|TN|TX|UT|VA|VT|WA|WI|WV|WY,bridge|dscr|fix_flip|ground_up|refi|rental,$100K – $5M,80%,75%,9%,1 – 3 pts,12 – 24 mo
167,payettefinancial.com,"Payette Financial Services, LLC",https://payettefinancial.com,(208) 996-3861,loans@payettefinancial.com,phone_email,Boise,ID,10,False,Payette Financial is an entrepreneurial hard money lender specializing in financing difficult transactions that conventional banks avoid.,,,,,,,,,,,,,,2013,none,,True,brave_search,AZ|CO|ID|MT|NM|NV|OR|UT|WA|WY,bridge|commercial,,,,,,
156,calhardmoney.com,PB Financial Group Corp.,https://calhardmoney.com,(877) 700-3703,info@calhardmoney.com,phone_email,Los Angeles,CA,1,False,"PB Financial Group Corp. is a premier hard money lender in California, providing quick funding for various real estate needs since 2006.",,,,,,,,,1,60,True,357614,,2006,,,False,brave_search,CA,bridge|commercial|refi|rental,,,,,,1 – 60 mo
151,peakprivatelending.com,"Peak Private Lending, LLC",https://peakprivatelending.com,(201) 836-7300,,phone_only,Teaneck,NJ,4,False,Peak Private Lending is a family-owned private lending group offering fast and flexible funding for real estate investors in New Jersey and beyond.,,,0.75,,0.0899,,,,12,,,,,,none,,True,brave_search,FL|NJ|NY|PA,construction|fix_flip|rental,,75%,,9%,,12 mo
448,peakviewmortgage.com,PeakView Mortgage,https://peakviewmortgage.com,(719) 221-3897,info@peakviewmortgage.com,phone_email,Salida,CO,1,False,"PeakView Mortgage offers a variety of mortgage products including bridge loans, VA loans, and USDA loans, focusing on helping clients secure financing for home purchases and refinances.",,,,,,,,,,,,1764010,,,hard_pull,600,False,brave_search,CO,bridge,,,,,,
246,peersense.com,PeerSense,https://peersense.com,(317) 452-6990,,phone_only,Westfield,IN,1,False,"PeerSense is an institutional capital advisory firm placing senior debt for well-capitalized operators, acquirers, and sponsors who already have their equity in place.",500000,500000000,0.75,,0.0625,0.13,,,6,36,True,,,2022,hard_pull,680,False,brave_search,IN,bridge|dscr|fix_flip,$500K – $500M,75%,,6% – 13%,,6 – 36 mo
32,peerstreet.com,PeerStreet,https://peerstreet.com,(844) 733-7787,info@peerstreet.com,phone_email,,,51,True,PeerStreet is a real estate investment platform that allows investors to invest in real estate debt and earn returns from borrowers' loan payments.,1000,,,,,,,,,,,,,,,,False,brave_search,AK|AL|AR|AZ|CA|CO|CT|DC|DE|FL|GA|HI|IA|ID|IL|IN|KS|KY|LA|MA|MD|ME|MI|MN|MO|MS|MT|NC|ND|NE|NH|NJ|NM|NV|NY|OH|OK|OR|PA|RI|SC|SD|TN|TX|UT|VA|VT|WA|WI|WV|WY,,$1K,,,,,
56,pimlicogroup.com,Pimlico Capital,https://pimlicogroup.com,(410) 855-4600,info@pimlicogroup.com,phone_email,Baltimore,MD,13,False,"Pimlico Capital provides real estate investors with hard money and DSCR rental loans, offering quick turnaround times and minimal documentation.",75000,3000000,0.8,,0.0625,0.0995,,,6,30,,,,,hard_pull,660,False,brave_search,AL|DE|FL|GA|IN|MD|NC|NJ|NY|OH|PA|SC|VA,bridge|dscr|fix_flip|rental,$75K – $3M,80%,,6% – 10%,,6 – 30 mo
37,pinefinancialgroup.com,Pine Financial Group,https://pinefinancialgroup.com,(303) 835-4445,,phone_only,,CO,6,False,"Pine Financial Group delivers customized real estate lending solutions for clients who build, develop, and renovate properties.",,,0.65,0.6,,,,,,,True,,,2008,soft_pull,,True,brave_search,CO|DC|MD|MN|VA|WI,bridge|construction|fix_flip,,65%,60%,,,
213,precisioncapital.net,Precision Capital,https://precisioncapital.net,(541) 485-2223,info@precisioncapital.net,phone_email,Eugene,OR,3,False,"Precision Capital provides private money loans for various property types, specializing in fast and easy financing solutions.",,,0.7,,,,,,,,,199919,,,none,,True,brave_search,OR|TX|WA,bridge|construction|fix_flip,,70%,,,,
168,premiumhardmoney.com,Premium Hard Money,https://premiumhardmoney.com,(248) 759-8777,info@premiumhardmoney.com,phone_email,,MI,3,False,"Premium Hard Money is a Michigan based hard money and private money lender for Commercial Real Estate investors, specializing in fast closings and excellent customer service.",,,,,,,,,,,,,,,none,,True,brave_search,IL|MI|OH,cash_out|construction|fix_flip|refi,,,,,,
450,pricecapitalgroup.com,Price Capital Group,https://pricecapitalgroup.com,(754) 547-5214,support@pricecapitalgroup.com,phone_email,Margate,FL,1,False,"Price Capital Group is a venture capital and private equity firm that partners with innovative entrepreneurs, focusing on structuring and executing deals across commercial real estate, business acquisitions, and venture.",,,,,,,,,,,,,,,,,False,brave_search,FL,commercial,,,,,,
132,delawaremortgageloans.net,"Primary Residential Mortgage, Inc.",https://delawaremortgageloans.net,(302) 703-0727,,phone_only,Newark,DE,1,False,"Delaware mortgage lender specializing in FHA, VA, USDA, and DSHA loan programs, helping homebuyers across New Castle, Kent, and Sussex County.",,,,,,,,,,,True,38783,,,hard_pull,620,False,brave_search,DE,bridge|brrrr|cash_out|commercial|construction|dscr|fix_flip|ground_up|multifamily|refi|rental,,,,,,
451,primarysourcelending.com,"Primary Source Lending, LLC",https://primarysourcelending.com,(801) 448-8975,primarysourcelending@gmail.com,phone_email,Salt Lake City,UT,1,False,"Primary Source Lending offers hard money and private money loans in Utah, focusing on speed and flexibility.",100000,5000000,0.7,,0.08,0.11,2.0,3.0,1,60,,2055852,,,none,,True,brave_search,UT,bridge|commercial|construction|fix_flip|multifamily|refi|rental,$100K – $5M,70%,,8% – 11%,2 – 3 pts,1 – 60 mo
88,primeplusmortgages.com,Prime Plus Mortgages,https://primeplusmortgages.com,(480) 923-7602,,phone_only,Scottsdale,AZ,1,False,Prime Plus Mortgages is a hard money lender in Arizona offering fast approvals and funding for real estate investors.,,,0.9,,0.1099,0.16,,,,,,1602950,,,none,,True,brave_search,AZ,bridge|cash_out|fix_flip|rental,,90%,,11% – 16%,,
152,privatecapitalinvestors.com,Private Capital Investors,https://privatecapitalinvestors.com,(972) 865-6206,info@privatecapitalinvestors.com,phone_email,Dallas,TX,51,True,Private Capital Investors is a direct commercial lender providing hard money and bridge loans secured by commercial real estate nationwide.,1000000,50000000,0.85,,0.0599,,,,1,36,True,,,2001,hard_pull,650,False,brave_search,AK|AL|AR|AZ|CA|CO|CT|DC|DE|FL|GA|HI|IA|ID|IL|IN|KS|KY|LA|MA|MD|ME|MI|MN|MO|MS|MT|NC|ND|NE|NH|NJ|NM|NV|NY|OH|OK|OR|PA|RI|SC|SD|TN|TX|UT|VA|VT|WA|WI|WV|WY,bridge|commercial|multifamily,$1M – $50M,85%,,6%,,1 – 36 mo
214,privatecapitallenders.com,Private Capital Lenders,https://privatecapitallenders.com,(760) 613-5923,info@privatecapitallenders.com,phone_email,Dover,DE,51,True,"Private Capital Lenders offers a variety of hard money and private money loans for real estate investors, including fix-and-flip, bridge, and construction loans across all 50 states.",100000,100000000,,,,,,,,,True,,,,none,,True,brave_search,AK|AL|AR|AZ|CA|CO|CT|DC|DE|FL|GA|HI|IA|ID|IL|IN|KS|KY|LA|MA|MD|ME|MI|MN|MO|MS|MT|NC|ND|NE|NH|NJ|NM|NV|NY|OH|OK|OR|PA|RI|SC|SD|TN|TX|UT|VA|VT|WA|WI|WV|WY,bridge|construction|fix_flip,$100K – $100M,,,,,
247,privatecapitalnw.com,Private Capital Northwest,https://privatecapitalnw.com,(206) 512-8400,loans@privatecapitalnw.com,phone_email,Mukilteo,WA,3,False,"Private Capital Northwest is a private money lender that funds asset-based real estate loans on commercial and investment property in Seattle and throughout the Northwest, including Washington, Oregon, and Idaho.",100000,10000000,0.75,,,,,,12,60,True,,,,none,,True,brave_search,ID|OR|WA,bridge|commercial|construction|fix_flip|rental,$100K – $10M,75%,,,,12 – 60 mo
270,chicagorehabloans.com,"Private Capital, LLC",https://chicagorehabloans.com,(312) 564-5110,,phone_only,Lombard,IL,7,False,"Private Capital, LLC is a local private lending company for Real Estate Investors, providing short and long term loans for rehab, cash out, and more.",40000,3000000,0.85,,0.085,0.129,2.0,,12,60,,,,,none,,True,brave_search,FL|GA|IL|IN|TN|TX|WI,bridge|cash_out|commercial|construction|dscr|fix_flip|multifamily|refi|rental,$40K – $3M,85%,,8% – 13%,2 pts,12 – 60 mo
84,privatemoneyhawaii.com,Private Money Hawaii,https://privatemoneyhawaii.com,(808) 753-1204,funding@privatemoneyhawaii.com,phone_email,Honolulu,HI,1,False,"Private Money Hawaii offers asset-based hard money loans with fast closings, specializing in bridge, fix-and-flip, and DSCR loans across the Hawaiian Islands.",500000,30000000,0.75,,0.09,,1.0,3.0,6,36,True,314018,,1997,none,,True,brave_search,HI,bridge|cash_out|commercial|construction|dscr|fix_flip|multifamily|refi|rental,$500K – $30M,75%,,9%,1 – 3 pts,6 – 36 mo
453,privatemoni.com,Private Money Lenders LLC,https://privatemoni.com,(310) 651-8000,,phone_only,Los Angeles,CA,51,True,"PML is a direct private money lender for real estate investors building, rehabbing, and scaling. They offer construction, fix & flip, bridge, and rental loans nationwide.",250000,10000000,0.9,0.8,0.0599,0.095,1.0,2.0,6,30,True,,,2019,hard_pull,660,False,brave_search,AK|AL|AR|AZ|CA|CO|CT|DC|DE|FL|GA|HI|IA|ID|IL|IN|KS|KY|LA|MA|MD|ME|MI|MN|MO|MS|MT|NC|ND|NE|NH|NJ|NM|NV|NY|OH|OK|OR|PA|RI|SC|SD|TN|TX|UT|VA|VT|WA|WI|WV|WY,bridge|construction|fix_flip|multifamily|rental,$250K – $10M,90%,80%,6% – 10%,1 – 2 pts,6 – 30 mo
452,privatemoneylenders.com,"Private Money Lenders, Inc.",https://privatemoneylenders.com,(818) 266-8848,,phone_only,Granada Hills,CA,1,False,"Private Money Lenders, Inc. offers flexible hard money loans in California, providing fast funding solutions for various real estate needs.",50000,3000000,,,,,,,,,,,,2006,hard_pull,431,False,brave_search,CA,bridge|commercial|construction|fix_flip,$50K – $3M,,,,,
64,privatemoneyutah.com,Private Money Utah,https://privatemoneyutah.com,(435) 565-1768,info@privatemoneyutah.com,phone_email,Orem,UT,1,False,"Private Money Utah offers fast funding as a direct lender for various hard money loan programs including fix and flip, bridge, and land loans.",25000,10000000,0.9,,0.085,0.14,1.0,6.0,12,360,True,1685350,,,none,,True,brave_search,UT,bridge|commercial|construction|fix_flip,$25K – $10M,90%,,8% – 14%,1 – 6 pts,12 – 360 mo
215,prmcapital.net,PRM Capital,https://prmcapital.net,(941) 757-3209,loans@prmcapital.net,phone_email,,,15,False,"PRM Capital specializes in expert financing solutions tailored to meet your business and commercial real estate needs, offering a range of loan products including DSCR loans, fix and flip financing, and new construction loans.",75000,200000000,0.85,,0.0775,,,,13,24,True,,,,hard_pull,660,False,brave_search,AZ|CA|CO|FL|GA|IL|MI|NC|NV|NY|OH|PA|TN|TX|WA,construction|dscr|fix_flip,$75K – $200M,85%,,8%,,13 – 24 mo
169,propertyfliploan.com,Property Flip Loan,https://propertyfliploan.com,(443) 684-7997,hello@propertyfliploan.com,phone_email,Annapolis,MD,3,False,"Property Flip Loan is a boutique real estate private lender based in Annapolis, Maryland, offering fast access to capital for real estate investors.",,,0.65,,,,,,6,12,True,,,,hard_pull,600,False,brave_search,DC|MD|VA,bridge|brrrr|construction|fix_flip,,65%,,,,6 – 12 mo
305,qsprivatelending.com,"QS Private Lending, LLC",https://qsprivatelending.com,(508) 975-4367,,phone_only,Natick,MA,4,False,"QS Private Lending specializes in making short term loans for the acquisition, construction and renovation of investor-owned real estate.",,,0.8,,,,,,,,True,,,,hard_pull,300,False,brave_search,GA|MA|NH|RI,construction|fix_flip,,80%,,,,
454,quaintoakmortgage.com,Quaint Oak Mortgage,https://quaintoakmortgage.com,(610) 351-9970,,phone_only,Allentown,PA,21,False,"Quaint Oak Mortgage offers a variety of mortgage products including conventional, government-backed, and specialty loans to help clients secure home financing.",50000,,,,,,,,,,,211466,,,,,False,brave_search,AL|CA|DE|FL|IA|ID|MA|MD|MI|MO|NC|NE|NJ|NY|OH|PA|SC|TN|UT|VA|VT,commercial|dscr|fix_flip|refi,$50K,,,,,
248,quicklendcapital.com,QuickLend Capital,https://quicklendcapital.com,(201) 335-8951,,phone_only,,,51,True,"Private lending for real estate investors offering bridge, fix-and-flip, DSCR, and ground-up construction loans for 1–4 unit investment properties.",100000,3500000,0.9,0.7,0.09,0.1,,,12,24,,,,,hard_pull,660,False,brave_search,AK|AL|AR|AZ|CA|CO|CT|DC|DE|FL|GA|HI|IA|ID|IL|IN|KS|KY|LA|MA|MD|ME|MI|MN|MO|MS|MT|NC|ND|NE|NH|NJ|NM|NV|NY|OH|OK|OR|PA|RI|SC|SD|TN|TX|UT|VA|VT|WA|WI|WV|WY,bridge|dscr|fix_flip|ground_up,$100K – $3.5M,90%,70%,9% – 10%,,12 – 24 mo
262,blog.raacap.com,RAA Capital,https://blog.raacap.com,(415) 933-4610,,phone_only,Las Vegas,NV,1,False,RAA Capital is a direct private lender that arranges hard money loans for residential and commercial real estate across the United States.,50000,20000000,0.9,0.7,0.1,0.15,2.0,4.0,6,24,True,,,,hard_pull,,False,brave_search,WY,commercial|fix_flip|rental,$50K – $20M,90%,70%,10% – 15%,2 – 4 pts,6 – 24 mo
306,raincitycapital.com,Rain City Capital,https://raincitycapital.com,(425) 434-9009,info@raincitycapital.com,phone_email,Kirkland,WA,24,False,"Rain City Capital offers hard money loans for real estate investors, specializing in fix-and-flip, DSCR, and ground-up construction loans.",,,0.95,,0.1,0.12,,,12,24,,2577725,,2009,none,,True,brave_search,AL|AR|AZ|CA|CO|CT|DC|FL|GA|IN|KS|MD|MO|NC|OH|OK|OR|PA|SC|TN|TX|VA|WA|WI,bridge|dscr|fix_flip|ground_up,,95%,,10% – 12%,,12 – 24 mo
455,raleighmortgagegroup.com,"Raleigh Mortgage Group, Inc.",https://raleighmortgagegroup.com,(919) 866-0212,,phone_only,Raleigh,NC,3,False,"Raleigh Mortgage Group is a family owned and operated, licensed Mortgage Broker providing financing for properties located in North Carolina, South Carolina and Virginia since 2001.",,,,,,,,,,,,69573,,2001,hard_pull,620,False,brave_search,NC|SC|VA,cash_out|construction|refi,,,,,,
58,raygreen.com,Raymond C. Green Companies,https://raygreen.com,(617) 947-8070,,phone_only,Braintree,MA,5,False,"The Raymond C. Green Companies provides local builders and real estate investors with short term financing for acquisitions, new construction, single family renovations, condominium conversions and working capital.",,,,,,,,,3,24,,,,1973,none,,True,brave_search,CT|MA|ME|NH|RI,bridge|cash_out|construction|fix_flip,,,,,,3 – 24 mo
62,rbiprivatelending.com,RBI Private Lending LLC,https://rbiprivatelending.com,(800) 668-1004,contact@rbialliance.com,phone_email,Orlando,FL,11,False,"RBI Private Lending offers quick and reliable loans for real estate investors, including bridge, fix and flip, construction, and DSCR/rental loans.",,5000000,0.75,,0.085,,1.0,2.0,12,36,True,2609886,,,hard_pull,640,False,brave_search,AZ|CA|CT|FL|GA|MA|NC|NJ|PA|RI|TX,bridge|construction|dscr|fix_flip|rental,$5M,75%,,8%,1 – 2 pts,12 – 36 mo
456,rcncapital.com,RCN Capital,https://rcncapital.com,(860) 432-5858,info@rcncapital.com,phone_email,South Windsor,CT,4,False,"RCN Capital is a nationwide private, direct lender providing short-term fix and flip financing, long-term rental financing, and ground-up construction financing for real estate investors.",75000,3000000,0.75,,0.0924,,,,12,18,True,1045656,,2010,hard_pull,650,False,brave_search,AZ|CA|MN|OR,fix_flip|ground_up|rental,$75K – $3M,75%,,9%,,12 – 18 mo
307,randysantaloans.com,RCS Capital Group LLC,https://randysantaloans.com,(702) 343-1782,,phone_only,Henderson,NV,1,False,"RCS Capital Group provides fast, flexible hard money loans for real estate investors and property owners throughout Nevada.",25000,1000000,,,,,,,,,,369116,,,soft_pull,,True,brave_search,NV,bridge|cash_out|commercial|construction|dscr|fix_flip|multifamily,$25K – $1M,,,,,
249,recasafinancial.com,"ReCasa Financial Group, LLC",https://recasafinancial.com,(614) 221-6770,info@recasafinancial.com,phone_email,Columbus,OH,16,False,ReCasa Financial Group provides purchase and rehabilitation financing on non-owner occupied 1-4 unit properties.,75000,2000000,0.75,,,,,,,,,,,2000,hard_pull,680,False,brave_search,CO|FL|IL|IN|KS|MD|MO|NC|NJ|NY|OH|PA|SC|TN|TX|VA,fix_flip,$75K – $2M,75%,,,,
280,fundwithredrock.com,Red Rock Capital,https://fundwithredrock.com,,,web_only,,CO,1,False,"Red Rock Capital specializes in providing financing on 1-4 unit residential investment properties and offers various loan programs including fix and flip, bridge, and rental loans.",75000,5000000,0.9,0.75,0.0799,0.0899,,,12,24,,,,,hard_pull,600,False,brave_search,CO,bridge|brrrr|fix_flip|rental,$75K – $5M,90%,75%,8% – 9%,,12 – 24 mo
22,rehabfinancial.com,"Rehab Financial Group, LP",https://rehabfinancial.com,(610) 890-8512,info@rehabfinancial.com,phone_email,Rosemont,PA,1,False,"Rehab Financial Group is a private hard money lender helping investors move quickly on good opportunities, providing up to 100% project financing for both purchase and rehab costs.",100000,1250000,0.8,,,,,,12,12,True,,,,hard_pull,620,False,brave_search,PA,fix_flip|ground_up|multifamily|refi|rental,$100K – $1.2M,80%,,,,12 mo
20,rehablend.com,Rehab Lend LLC,https://rehablend.com,(800) 459-7010,info@rehablend.com,phone_email,Las Vegas,NV,43,False,"Rehab Lend specializes in hard money rehab loans for investors, offering competitive rates and terms for fix and flip projects across the nation.",100000,5000000,0.95,0.75,0.06,0.12,1.0,2.0,6,360,,,,,hard_pull,650,False,brave_search,AL|AR|CO|CT|DC|DE|FL|GA|HI|IA|ID|IL|IN|KS|KY|LA|MA|MD|ME|MI|MO|MS|MT|NC|NE|NH|NJ|NM|NY|OH|OK|OR|PA|RI|SC|TN|TX|UT|VA|WA|WI|WV|WY,bridge|dscr|fix_flip,$100K – $5M,95%,75%,6% – 12%,1 – 2 pts,6 – 360 mo
65,renovofinancial.com,Renovo Financial,https://renovofinancial.com,(888) 568-8894,origination@renovofinancial.com,phone_email,Chicago,IL,44,False,"Renovo Financial offers a full suite of real estate investment loans including rehab, rental, new construction, and multifamily loans.",100000,10000000,0.75,,,,,,12,24,,"2135934, 2476464, 2594707",,,,,False,brave_search,AL|AR|AZ|CA|CO|CT|FL|GA|IA|ID|IL|IN|KS|KY|LA|MA|MD|ME|MI|MN|MO|MS|MT|NC|ND|NE|NH|NJ|NV|NY|OH|OK|OR|PA|RI|SC|SD|TN|TX|UT|VT|WA|WI|WY,bridge|multifamily|rental,$100K – $10M,75%,,,,12 – 24 mo
216,rentalhomefinancing.com,Rental Home Financing,https://rentalhomefinancing.com,(888) 375-7977,,phone_only,Indianapolis,IN,51,True,"Direct lender specializing in flexible financing solutions for rental property investors, including blanket loans and DSCR loans.",50000,3000000,0.9,0.75,,,,,12,24,False,,,25,hard_pull,650,False,brave_search,AK|AL|AR|AZ|CA|CO|CT|DC|DE|FL|GA|HI|IA|ID|IL|IN|KS|KY|LA|MA|MD|ME|MI|MN|MO|MS|MT|NC|ND|NE|NH|NJ|NM|NV|NY|OH|OK|OR|PA|RI|SC|SD|TN|TX|UT|VA|VT|WA|WI|WV|WY,bridge|dscr|fix_flip|refi|rental,$50K – $3M,90%,75%,,,12 – 24 mo
110,requitygroup.com,Requity Group,https://requitygroup.com,(813) 288-0636,contact@requitygroup.com,phone_email,Tampa,FL,51,True,"Requity Group is a vertically integrated real estate firm that acquires, operates, and lends on value-add properties, providing bridge loans secured by residential and commercial real estate.",50000,,0.75,,0.08,0.13,,,12,24,True,2809780,,,soft_pull,,True,brave_search,AK|AL|AR|AZ|CA|CO|CT|DC|DE|FL|GA|HI|IA|ID|IL|IN|KS|KY|LA|MA|MD|ME|MI|MN|MO|MS|MT|NC|ND|NE|NH|NJ|NM|NV|NY|OH|OK|OR|PA|RI|SC|SD|TN|TX|UT|VA|VT|WA|WI|WV|WY,bridge|multifamily,$50K,75%,,8% – 13%,,12 – 24 mo
459,rgccap.com,RGC Capital,https://rgccap.com,(877) 238-3837,info@rgc.capital,phone_email,Downey,CA,1,False,"RGC Capital is a commercial and private money lender offering fast, flexible funding solutions for real estate investors and businesses.",200000,10000000,0.9,0.8,0.0875,0.1099,,,6,36,True,2187460,,,hard_pull,660,False,brave_search,CA,bridge|construction|dscr|fix_flip,$200K – $10M,90%,80%,9% – 11%,,6 – 36 mo
183,hardmoneyri.com,RI Hard Money,https://hardmoneyri.com,(401) 305-0429,rihardmoney@yahoo.com,phone_email,Lincoln,RI,3,False,Rhode Islands # 1 Hard Money Lender offering quick closings and flexible financing options.,,,0.65,,0.12,,2.0,,12,,True,,,,none,,True,brave_search,CT|MA|RI,bridge,,65%,,12%,2 pts,12 mo
5,ridgestreetcap.com,Ridge Street Capital,https://ridgestreetcap.com,(786) 304-2751,cohen@ridgestreetcap.com,phone_email,St. Petersburg,FL,35,False,"Ridge Street Capital offers investment property loans including fix and flip, DSCR loans, and construction loans across 35 states.",50000,3000000,0.9,,0.06,0.1175,1.5,2.0,12,360,,,,,hard_pull,660,False,brave_search,AL|AR|CO|CT|DE|FL|GA|HI|IA|IN|KS|KY|LA|MA|MD|ME|MO|MS|MT|NC|NE|NH|NM|NY|OH|OK|PA|RI|SC|TN|TX|WA|WI|WV|WY,construction|dscr|fix_flip|rental,$50K – $3M,90%,,6% – 12%,1.5 – 2 pts,12 – 360 mo
308,rivercitybankky.com,River City Bank,https://rivercitybankky.com,(502) 585-4600,,phone_only,Louisville,KY,2,False,"River City Bank offers flexible financing solutions including bridge loans, construction loans, and mortgage loans in Louisville, KY, Prospect, KY, and Jeffersonville, IN.",,,,,,,,,,,,,,,,,False,brave_search,IN|KY,bridge|commercial|construction,,,,,,
460,riverbankfinance.com,Riverbank Finance LLC,https://riverbankfinance.com,(800) 555-2098,,phone_only,Grand Rapids,MI,1,False,Riverbank Finance is a Michigan mortgage company specializing in home loans for both refinancing and new home purchases.,,,,,,,,,,,,666287,,,hard_pull,620,False,brave_search,MI,construction|dscr|refi,,,,,,
461,riverbendcorporation.com,Riverbend Corporation,https://riverbendcorporation.com,(303) 886-4970,,phone_only,Denver,CO,1,False,"Riverbend Corporation excels in providing various financing solutions, including hard money loans, bridge loans, and fix and flip loans, primarily for commercial real estate in Colorado.",,,0.7,,0.12,,2.0,,6,12,True,,,1985,,,False,brave_search,CO,bridge|cash_out|construction|fix_flip,,70%,,12%,2 pts,6 – 12 mo
111,rockeastfunding.com,Rock East Funding,https://rockeastfunding.com,(516) 775-8800,info@rockeastfunding.com,phone_email,Long Beach,NY,3,False,"Rock East Funding is a direct lender specializing in hard money loans for real estate investors, offering financing for fix and flip, rental, and new construction projects.",75000,50000000,0.8,,0.0495,,,,,12,True,,,,hard_pull,680,False,brave_search,CT|NJ|NY,construction|dscr|fix_flip,$75K – $50M,80%,,5%,,12 mo
462,rmmc.com,Rocky Mountain Mortgage Company,https://rmmc.com,(915) 593-3111,,phone_only,El Paso,TX,2,False,"Rocky Mountain Mortgage Company provides a range of mortgage solutions including FHA, VA, conventional, and construction loans, focusing on helping families achieve homeownership.",100000,,,,,,,,,,,256179,,1985,hard_pull,620,False,brave_search,NM|TX,construction|dscr|refi,$100K,,,,,
153,rtiproperties.com,RTI Bridge Loans,https://rtiproperties.com,(562) 857-2285,,phone_only,,,3,False,"RTI Bridge Loans is a premium direct lender offering hard money loans, bridge loans, fix and flip loans, and private money loans primarily in California, Colorado, and Nevada.",250000,25000000,,,,,,,,,,,,2004,,,False,brave_search,CA|CO|NV,bridge|fix_flip,$250K – $25M,,,,,
463,rtibridgeloans.com,RTI Bridge Loans,https://rtibridgeloans.com,(562) 857-2285,,phone_only,Torrance,CA,3,False,"RTI Bridge Loans is a direct lender specializing in hard money and bridge loans for real estate investors in California, Colorado, and Nevada.",250000,25000000,0.8,,,,,,,,,,,2004,,,False,brave_search,CA|CO|NV,bridge|fix_flip,$250K – $25M,80%,,,,
464,rubiconmortgagefund.com,"Rubicon Mortgage Fund, LLC",https://rubiconmortgagefund.com,(925) 283-8919,marketing@rubiconfund.net,phone_email,Lafayette,CA,1,False,Rubicon Mortgage Fund specializes in providing fast and flexible hard money financing solutions for commercial real estate transactions in California.,,,0.6,,0.06,0.12,,,6,36,,2257291,,2007,none,,True,brave_search,CA,bridge|cash_out|construction|refi,,60%,,6% – 12%,,6 – 36 mo
170,rushfire.io,RushFire Private Lending,https://rushfire.io,(385) 429-8030,info@rushfire.io,phone_email,,UT,1,False,"RushFire Private Lending is a hard money lender providing asset-based loans for real estate investors in Utah, offering fast loan access and flexible qualification.",,,,,,,,,,,,192521,,,none,,True,brave_search,UT,bridge|commercial,,,,,,
85,sachemlending.com,Sachem Capital,https://sachemlending.com,(203) 433-4736,lending@sachemcapitalcorp.com,phone_email,Branford,CT,15,False,"Sachem Capital specializes in originating, servicing, and managing a portfolio of first mortgage loans, offering short-term, secured, non-banking hard money loans to real estate investors.",,,,,,,,,12,36,,,,,,,False,brave_search,CT|DE|FL|GA|MA|ME|NC|NH|NJ|NY|PA|RI|SC|TN|VA,bridge|cash_out|commercial|fix_flip|ground_up|multifamily|refi|rental,,,,,,12 – 36 mo
250,sammamishmortgage.com,Sammamish Mortgage,https://sammamishmortgage.com,(800) 304-6803,loan@sammtg.com,phone_email,Bellevue,WA,5,False,"Sammamish Mortgage offers a variety of mortgage products including bridge loans, cash buyer programs, and refinancing options with a focus on great rates and superior service.",,,,,,,,,,,,118653,,1992,none,,True,brave_search,CA|CO|ID|OR|WA,bridge|refi,,,,,,
309,sdcfinance.com,SDC Capital,https://sdcfinance.com,(818) 933-5920,,phone_only,Tarzana,CA,1,False,California's Premier Real Estate Bridge Lender offering fast approvals and funding in as few as 7 days.,250000,5000000,0.7,0.65,0.0899,0.0999,0.0,2.0,6,24,True,248271,,,none,,True,brave_search,CA,bridge|cash_out|commercial|construction|fix_flip|multifamily|refi|rental,$250K – $5M,70%,65%,9% – 10%,0 – 2 pts,6 – 24 mo
310,seattlefundinggroup.com,Seattle Funding Group,https://seattlefundinggroup.com,(425) 455-1733,krowe@sfgfunds.com,phone_email,Mercer Island,WA,7,False,"Seattle Funding Group is a leading private money lender specializing in commercial and construction loans, providing fast and flexible financing solutions.",500000,10000000,0.8,,0.0999,0.1099,1.5,3.0,,24,,,,1988,,,False,brave_search,AK|CA|HI|ID|OR|UT|WA,commercial|construction,$500K – $10M,80%,,10% – 11%,1.5 – 3 pts,24 mo
265,bridgeloan.io,Select Capital,https://bridgeloan.io,(574) 800-4161,apply@bridgeloan.io,phone_email,South Bend,IN,1,False,"Select Capital offers bridge loans for commercial real estate, providing quick and flexible financing solutions tailored to the needs of businesses.",100000,30000000,0.8,,,,,,,18,True,,,,,,False,brave_search,IN,bridge,$100K – $30M,80%,,,,18 mo
89,selecthomeloans.com,Select Home Loans,https://selecthomeloans.com,(888) 550-3296,,phone_only,Daytona Beach,FL,51,True,"Select Home Loans offers a variety of mortgage solutions including DSCR loans for real estate investors, focusing on property income rather than personal financials.",,,0.8,,,,,,,,,2384002,True,2015,soft_pull,,True,brave_search,AK|AL|AR|AZ|CA|CO|CT|DC|DE|FL|GA|HI|IA|ID|IL|IN|KS|KY|LA|MA|MD|ME|MI|MN|MO|MS|MT|NC|ND|NE|NH|NJ|NM|NV|NY|OH|OK|OR|PA|RI|SC|SD|TN|TX|UT|VA|VT|WA|WI|WV|WY,dscr,,80%,,,,
465,selectprivatecapital.com,Select Private Capital,https://selectprivatecapital.com,(207) 808-8098,,phone_only,Falmouth,ME,3,False,Specializing in short term loans to real estate investors and developers.,,,,,,,,,,,,,,,,,False,brave_search,MA|ME|NH,bridge|brrrr|construction|fix_flip,,,,,,
466,sharestates.com,Sharestates,https://sharestates.com,(212) 201-0750,greetings@sharestates.com,phone_email,Great Neck,NY,37,False,"Fast, flexible private loans for real estate professionals, offering competitive rates for various loan types nationwide.",100000,50000000,0.9,0.7,0.0599,0.1,,,,,,1538766,,,hard_pull,680,False,brave_search,AK|AZ|CA|CO|CT|DE|FL|GA|HI|IA|ID|IL|IN|KS|KY|MA|MD|MI|MO|MT|NC|NH|NJ|NV|NY|OH|OR|PA|RI|SC|TN|TX|UT|VA|WA|WI|WY,bridge|construction|fix_flip|rental,$100K – $50M,90%,70%,6% – 10%,,
8,shermanbridge.com,Sherman Bridge,https://shermanbridge.com,(866) 376-4876,,phone_only,Irving,TX,38,False,"Sherman Bridge offers hard money loans for real estate investors, providing fast access to capital and competitive rates for fix-and-flip and rental properties.",100000,,0.75,0.5,0.1075,0.1199,2.0,3.0,6,12,True,1303151,,2009,hard_pull,680,False,brave_search,AL|AR|AZ|CA|CO|CT|DE|FL|GA|HI|IL|IN|KS|KY|LA|MA|MD|ME|MI|MO|MS|NC|NH|NJ|NM|NY|OH|OK|PA|SC|TN|TX|UT|VA|VT|WA|WI|WV,cash_out|fix_flip|refi|rental,$100K,75%,50%,11% – 12%,2 – 3 pts,6 – 12 mo
469,swcfund.com,Sierra West Funding,https://swcfund.com,(801) 810-4663,loans@sierrawestfunding.com,phone_email,Cottonwood Heights,UT,1,False,"Sierra West Funding provides fast, flexible hard money loans to real estate investors across Utah, specializing in fix-and-flip and other short-term real estate projects.",,,,,0.12,0.12,2.0,2.0,6,12,True,,,2011,none,,True,brave_search,UT,commercial|construction|fix_flip,,,,12%,2 pts,6 – 12 mo
313,sprivatelending.com,Silliman Private Lending,https://sprivatelending.com,(404) 806-1749,,phone_only,Roswell,GA,8,False,"Silliman Private Lending provides quick and easy access to hard money and bridge loans for real estate investors, specializing in fix-and-flip, transactional funding, and new construction loans.",100000,2000000,0.8,,,,,,6,12,,,,2018,hard_pull,680,False,brave_search,AL|FL|GA|NC|SC|TN|TX|VA,bridge|construction|dscr|fix_flip,$100K – $2M,80%,,,,6 – 12 mo
312,silverarchcp.com,Silver Arch Capital Partners,https://silverarchcp.com,(201) 254-2555,info@silverarchcp.com,phone_email,,NJ,51,True,"Silver Arch Capital Partners is a leading, nationwide lender to the commercial real estate market, specializing in providing bridge loans to owners, investors, and developers.",1000000,70000000,0.75,,0.09,,,,,,,,,,,,False,brave_search,AK|AL|AR|AZ|CA|CO|CT|DC|DE|FL|GA|HI|IA|ID|IL|IN|KS|KY|LA|MA|MD|ME|MI|MN|MO|MS|MT|NC|ND|NE|NH|NJ|NM|NV|NY|OH|OK|OR|PA|RI|SC|SD|TN|TX|UT|VA|VT|WA|WI|WV|WY,bridge|commercial|multifamily,$1M – $70M,75%,,9%,,
311,silveradofundingllc.com,Silverado Funding LLC,https://silveradofundingllc.com,(503) 520-1290,info@silveradofundingllc.com,phone_email,Beaverton,OR,1,False,Silverado Funding LLC is a mortgage lender specializing in private money loans to individual borrowers or businesses in need of financing for real estate transactions.,50000,1000000,0.75,,0.11,0.12,1.0,6.0,6,12,True,292152,,2006,,,False,brave_search,OR,construction|fix_flip,$50K – $1M,75%,,11% – 12%,1 – 6 pts,6 – 12 mo
217,simplendingfinancial.com,Simplending Financial,https://simplendingfinancial.com,(713) 321-0201,info@simplendingfinancial.com,phone_email,Houston,TX,1,False,We help real estate investors NATIONWIDE find funding for their business purpose investment properties by providing simplified private money loans.,75000,10000000,0.8,,,,,,12,24,,,,,hard_pull,660,False,brave_search,TX,bridge|brrrr|construction|dscr|fix_flip|multifamily|rental,$75K – $10M,80%,,,,12 – 24 mo
112,sinaicapital.io,Sinai Capital,https://sinaicapital.io,(732) 754-2144,,phone_only,,,51,True,"Sinai Capital offers a variety of real estate financing options including DSCR loans, bridge loans, fix-and-flip loans, and more, catering to investors looking for quick and flexible funding solutions.",100000,5000000,0.8,0.75,0.06,0.12,1.0,4.0,6,24,True,2825327,,,hard_pull,620,False,brave_search,AK|AL|AR|AZ|CA|CO|CT|DC|DE|FL|GA|HI|IA|ID|IL|IN|KS|KY|LA|MA|MD|ME|MI|MN|MO|MS|MT|NC|ND|NE|NH|NJ|NM|NV|NY|OH|OK|OR|PA|RI|SC|SD|TN|TX|UT|VA|VT|WA|WI|WV|WY,bridge|cash_out|commercial|construction|dscr|fix_flip|multifamily,$100K – $5M,80%,75%,6% – 12%,1 – 4 pts,6 – 24 mo
290,kcfixandflip.com,SLS Financial,https://kcfixandflip.com,(816) 587-3400,realestate@slsfinancial.com,phone_email,Kansas City,MO,1,False,"SLS Financial offers a variety of real estate loans including bridge financing, transactional financing, and multi-family acquisition loans for investors in the Kansas City metro area.",,,,,,,,,,,,,,,,,False,brave_search,MO,bridge|fix_flip|multifamily|refi,,,,,,
154,socotracapital.com,Socotra Capital,https://socotracapital.com,(855) 889-7626,,phone_only,,,51,True,Socotra Capital is a hard money lender specializing in quick funding for residential and commercial real estate projects.,100000,20000000,0.85,,,,,,6,240,True,,,2007,none,,True,brave_search,AK|AL|AR|AZ|CA|CO|CT|DC|DE|FL|GA|HI|IA|ID|IL|IN|KS|KY|LA|MA|MD|ME|MI|MN|MO|MS|MT|NC|ND|NE|NH|NJ|NM|NV|NY|OH|OK|OR|PA|RI|SC|SD|TN|TX|UT|VA|VT|WA|WI|WV|WY,bridge|cash_out|commercial|construction|fix_flip|multifamily,$100K – $20M,85%,,,,6 – 240 mo
51,hardmoneyfirst.com,Source Capital Funding,https://hardmoneyfirst.com,(888) 334-6636,,phone_only,San Diego,CA,5,False,"A direct lender providing hard money loans with a simple, straightforward process, known for speed, reliability, and transparency.",100000,5000000,0.65,,0.0899,0.1199,2.0,,12,24,,,,2007,none,,True,brave_search,AZ|CA|CO|MN|TX,bridge|commercial|fix_flip|multifamily|refi|rental,$100K – $5M,65%,,9% – 12%,2 pts,12 – 24 mo
304,privatemoneyloans.vegas,"South Wind Financial, Inc",https://privatemoneyloans.vegas,(702) 876-3600,jacquieo22@aol.com,phone_email,Las Vegas,NV,1,False,"South Wind Financial, Inc offers private money loans for purchasing, refinancing, and investing in real estate, including fix-and-flip projects and bridge loans.",,,,,,,,,,,,9462,,,,,False,brave_search,NV,bridge|fix_flip,,,,,,
188,statedincomedirect.com,Stated Income Direct,https://statedincomedirect.com,(800) 247-8212,stated@alliedcommercialfunding.com,phone_email,,,41,False,"Loans for Commercial Buildings, Apartments, Retail, Warehouses, Residential Rentals and more.",100000,5000000,,,,,,,6,24,,,,1993,hard_pull,620,False,brave_search,AL|AR|CA|CO|CT|DE|FL|GA|IA|ID|IN|KS|KY|LA|MA|MD|ME|MN|MO|MS|MT|NC|ND|NE|NJ|NM|NY|OH|OK|OR|PA|RI|SC|SD|TX|UT|VA|WA|WI|WV|WY,bridge|commercial|multifamily|rental,$100K – $5M,,,,,6 – 24 mo
171,stormfieldcapital.com,Stormfield Capital,https://stormfieldcapital.com,(203) 628-4653,info@stormfieldcapital.com,phone_email,Southport,CT,9,False,"Stormfield Capital is a balance-sheet lender providing fast and reliable financing solutions for real estate investors, specializing in fix and flip, new construction, and commercial bridge loans.",150000,5000000,0.925,,0.0899,,,,12,18,True,,,,none,,True,brave_search,CT|MA|ME|NH|NJ|NY|PA|RI|VT,bridge|commercial|construction|fix_flip|multifamily,$150K – $5M,92%,,9%,,12 – 18 mo
26,strattonequities.com,Stratton Equities,https://strattonequities.com,(800) 962-6613,,phone_only,Pine Brook,NJ,45,False,"Stratton Equities is a leading nationwide private money and NON-QM mortgage lender for real estate investors, offering a variety of tailored loan programs.",,,,,0.065,,,,,,,,,,none,,True,brave_search,AK|AL|AR|CA|CO|CT|DC|DE|FL|GA|HI|IA|ID|IL|IN|KS|KY|LA|MA|MD|ME|MI|MN|MO|MS|MT|NC|NE|NH|NJ|NM|NY|OH|OK|OR|PA|RI|SC|TN|TX|UT|WA|WI|WV|WY,bridge|cash_out|commercial|construction|dscr|fix_flip|multifamily|refi|rental,,,,6%,,
467,stronginvestorloans.com,Strong Investor Loans,https://stronginvestorloans.com,(402) 218-4294,,phone_only,Omaha,NE,2,False,Strong Investor Loans is a nationwide private direct lender providing short-term fix-and-flip and rental financing for real estate investors.,,,,,,,,,,,,,,2019,none,,True,brave_search,IA|NE,bridge|brrrr|commercial|fix_flip|multifamily,,,,,,
468,sunsetequityfunding.com,Sunset Equity,https://sunsetequityfunding.com,(888) 301-7749,intakemanager@sunsetequitygroup.com,phone_email,Culver City,CA,51,True,"Sunset Equity is a boutique direct private money lender based in Los Angeles, offering customized loan products for real estate investors nationwide.",100000,5000000,0.8,,0.04,,,,12,30,True,278264,,2005,hard_pull,680,False,brave_search,AK|AL|AR|AZ|CA|CO|CT|DC|DE|FL|GA|HI|IA|ID|IL|IN|KS|KY|LA|MA|MD|ME|MI|MN|MO|MS|MT|NC|ND|NE|NH|NJ|NM|NV|NY|OH|OK|OR|PA|RI|SC|SD|TN|TX|UT|VA|VT|WA|WI|WV|WY,bridge|brrrr|cash_out|commercial|construction|dscr|fix_flip|multifamily|refi|rental,$100K – $5M,80%,,4%,,12 – 30 mo
470,swellprivatelending.com,Swell Private Lending,https://swellprivatelending.com,(303) 245-0291,,phone_only,,,44,False,"Swell Private Lending offers fast, flexible, and reliable financing for real estate investment opportunities, including fix-and-flip, rental, and new construction loans.",,,0.9,0.75,,,,,,,,,,,soft_pull,,True,brave_search,AL|AR|AZ|CA|CO|CT|DC|DE|FL|GA|HI|IA|ID|IL|IN|KS|KY|LA|MA|MD|ME|MI|MN|MO|MS|MT|NC|NE|NH|NJ|NM|NY|OH|OK|OR|PA|RI|SC|TN|TX|VA|WA|WI|WY,bridge|construction|dscr|fix_flip|multifamily|rental,,90%,75%,,,
314,synergylenders.com,Synergy Financial Partners,https://synergylenders.com,(323) 622-8443,,phone_only,Calabasas,CA,51,True,"Synergy Financial Partners offers a wide range of private money lending options including fix and flip, construction, and commercial loans.",50000,3000000,0.9,,0.0699,,,,,,,,,,none,,True,brave_search,AK|AL|AR|AZ|CA|CO|CT|DC|DE|FL|GA|HI|IA|ID|IL|IN|KS|KY|LA|MA|MD|ME|MI|MN|MO|MS|MT|NC|ND|NE|NH|NJ|NM|NV|NY|OH|OK|OR|PA|RI|SC|SD|TN|TX|UT|VA|VT|WA|WI|WV|WY,bridge|commercial|construction|fix_flip,$50K – $3M,90%,,7%,,
172,tabs-llc.com,"TABS, LLC",https://tabs-llc.com,(303) 429-1990,info@tabs-llc.com,phone_email,Denver,CO,1,False,"TABS, LLC is a family owned and operated hard money lender in Colorado, specializing in financing non-owner occupied investment properties.",,,,,,,,,,,True,1210695,,,,,False,brave_search,CO,bridge|construction|fix_flip|rental,,,,,,
471,talimarfinancial.com,TaliMar Financial,https://talimarfinancial.com,(888) 868-8467,info@talimarfinancial.com,phone_email,San Diego,CA,1,False,TaliMar Financial is a California-based bridge lender specializing in short-term financing for residential and commercial investment properties.,100000,10000000,0.7,,,,,,6,36,True,337721,,2008,,,False,brave_search,CA,bridge|dscr|fix_flip,$100K – $10M,70%,,,,6 – 36 mo
472,taylormadelendingllc.com,Taylor Made Lending LLC,https://taylormadelendingllc.com,(954) 614-5109,jm@tmlending.com,phone_email,Pompano Beach,FL,1,False,"Taylor Made Lending provides fast, flexible funding for real estate investors across Florida, specializing in short term private financing.",300000,50000000,,,,,,,12,24,,376933,,,,,False,brave_search,FL,bridge|construction|fix_flip|multifamily,$300K – $50M,,,,,12 – 24 mo
139,templeviewcap.com,Temple View Capital,https://templeviewcap.com,,,web_only,,,51,True,Temple View Capital is a national private money lender specializing in flexible real estate investor loans for non-owner-occupied residential properties.,55000,4000000,0.8,,,,,,6,24,True,,,,hard_pull,660,False,brave_search,AK|AL|AR|AZ|CA|CO|CT|DC|DE|FL|GA|HI|IA|ID|IL|IN|KS|KY|LA|MA|MD|ME|MI|MN|MO|MS|MT|NC|ND|NE|NH|NJ|NM|NV|NY|OH|OK|OR|PA|RI|SC|SD|TN|TX|UT|VA|VT|WA|WI|WV|WY,bridge|dscr|fix_flip|ground_up|rental,$55K – $4M,80%,,,,6 – 24 mo
218,texas-hardmoney.com,Texas Equity Lending,https://texas-hardmoney.com,(800) 333-8323,,phone_only,San Antonio,TX,1,False,"Texas Equity Lending specializes in equity-based loans for commercial and residential properties, focusing on quick approvals and funding.",50000,3000000,0.95,0.7,0.125,0.135,1.5,2.5,12,60,True,,,1993,none,,True,brave_search,TX,bridge|fix_flip,$50K – $3M,95%,70%,12% – 14%,1.5 – 2.5 pts,12 – 60 mo
140,texfunding.com,Texas Funding Corporation,https://texfunding.com,(713) 932-6600,,phone_only,Houston,TX,1,False,"Texas Funding offers hard money loans and private money lending solutions, specializing in fast approvals and collateral-secured loans.",,,,,,,,,,,,,,1982,none,,True,brave_search,TX,bridge|construction|fix_flip,,,,,,
473,texasinvestorloan.com,Texas Investor Loans,https://texasinvestorloan.com,(214) 824-0417,monty@texasinvestorloan.com,phone_email,,TX,1,False,Non Conventional – Non Bank loans for Investors – Purchase- Refinance Hard money- DSCR- Portfolio.,100000,15000000,0.8,,0.0699,,,,24,360,,,,2009,hard_pull,600,False,brave_search,TX,bridge|brrrr|dscr|refi|rental,$100K – $15M,80%,,7%,,24 – 360 mo
321,txpremiermortgage.com,Texas Premier Mortgage,https://txpremiermortgage.com,(281) 627-4222,,phone_only,The Woodlands,TX,35,False,"Texas Premier Mortgage offers a variety of mortgage products including DSCR loans, focusing on providing competitive rates and excellent customer service.",50000,2000000,0.75,,0.08,,,,12,360,True,898360,,,,,False,brave_search,AK|AL|AR|CO|CT|DC|DE|GA|HI|IA|IL|IN|KS|KY|LA|MA|MD|ME|MO|MS|MT|NE|NH|NM|OH|OK|PA|RI|SC|TX|VA|WA|WI|WV|WY,commercial|dscr|multifamily|refi,$50K – $2M,75%,,8%,,12 – 360 mo
315,thedocegroup.com,The Doce Mortgage Group,https://thedocegroup.com,(305) 900-2012,,phone_only,Fort Lauderdale,FL,1,False,"The Doce Mortgage Group specializes in providing personalized mortgage solutions, including DSCR loans for real estate investors.",,,0.85,,,,,,,,,2638131,,1985,hard_pull,620,False,brave_search,FL,dscr,,85%,,,,
474,thefundinglane.com,The Funding Lane,https://thefundinglane.com,(914) 201-2005,info@thefundinglane.com,phone_email,New York,NY,1,False,"The Funding Lane provides business capital for growth, development, refinancing, construction, and more.",,,,,,,,,,,,,,,soft_pull,,True,brave_search,NY,commercial|construction,,,,,,
35,thehardmoneyco.com,The Hard Money Co.,https://thehardmoneyco.com,(414) 269-5300,lending@thehardmoneyco.com,phone_email,Milwaukee,WI,1,False,"Private lending for real estate investors, offering fast, reliable funding for fix and flip, BRRRR, and other investment strategies.",,,,,,,,,,,,,,,none,,True,brave_search,WI,bridge|brrrr|fix_flip,,,,,,
24,theinvestorsedge.com,The Investor's Edge,https://theinvestorsedge.com,(801) 692-7678,questions@theinvestorsedge.com,phone_email,West Jordan,UT,40,False,"The Investor's Edge offers hard money loans and funding solutions for real estate investors, specializing in fix and flip projects.",,350000,,,,,,,,,,,,,none,,True,brave_search,AL|AR|AZ|CO|CT|DC|DE|FL|GA|IA|IL|IN|KS|KY|LA|MA|MD|ME|MI|MO|MS|MT|NC|NE|NH|NJ|NM|NY|OH|OK|PA|RI|SC|TN|TX|VA|WA|WI|WV|WY,brrrr|fix_flip|refi,$350K,,,,,
428,maltesemg.com,The Maltese Group - Cardinal Financial,https://maltesemg.com,(702) 372-2427,,phone_only,Las Vegas,NV,1,False,"The Maltese Group offers a variety of mortgage solutions including VA loans, investor loans, and jumbo loans, focusing on personalized service and local expertise.",,,0.85,,,,,,,,,,,2010,hard_pull,600,False,brave_search,NV,,,85%,,,,
475,themortgagebureau.com,The Mortgage Bureau,https://themortgagebureau.com,(303) 929-4700,mike@themortgagebureau.com,phone_email,Denver,CO,1,False,"The Mortgage Bureau specializes in various home loan options including DSCR, rehab, and fix & flip loans, tailored to meet the needs of homebuyers and investors.",,,,,,,,,,,,785783,,,,,False,brave_search,CO,dscr|fix_flip,,,,,,
316,thenorrisgroup.com,The Norris Group,https://thenorrisgroup.com,(951) 780-5856,info@thenorrisgroup.com,phone_email,Corona,CA,2,False,The Norris Group offers hard money lending solutions and comprehensive investment education programs for real estate investors in California and Florida.,100000,5000000,0.75,0.65,0.079,0.18,1.0,5.0,12,36,,1623669,,1997,,,False,brave_search,CA|FL,bridge|brrrr|construction|fix_flip|ground_up|refi|rental,$100K – $5M,75%,65%,8% – 18%,1 – 5 pts,12 – 36 mo
458,retail.thelender.com,theLender,https://retail.thelender.com,(833) 381-8733,consult@thelender.com,phone_email,Lake Forest,CA,1,False,"theLender specializes in providing various loan products, including DSCR loans for investors, to help clients achieve their real estate financing goals.",,,,,,,,,,,,133519,,2019,none,,True,brave_search,CA,dscr|rental,,,,,,
18,tidalloans.com,Tidal Loans,https://tidalloans.com,(832) 757-1262,info@tidalloans.com,phone_email,Houston,TX,51,True,"Tidal Loans is a hard money lender based in Houston, Texas, providing fast and flexible financing solutions for real estate investors nationwide.",50000,20000000,0.85,0.7,,,,,12,360,True,,,2016,none,,True,brave_search,AK|AL|AR|AZ|CA|CO|CT|DC|DE|FL|GA|HI|IA|ID|IL|IN|KS|KY|LA|MA|MD|ME|MI|MN|MO|MS|MT|NC|ND|NE|NH|NJ|NM|NV|NY|OH|OK|OR|PA|RI|SC|SD|TN|TX|UT|VA|VT|WA|WI|WV|WY,bridge|brrrr|cash_out|construction|dscr|fix_flip|multifamily|rental,$50K – $20M,85%,70%,,,12 – 360 mo
317,titancapital.com,"Titan Capital ID, LLC",https://titancapital.com,(212) 888-0004,info@titancapital.com,phone_email,New York,NY,4,False,Titan Capital is a direct private bridge lender providing flexible financing solutions for various types of commercial real estate assets.,500000,100000000,0.8,,0.09,,2.0,,,36,True,,,,,,False,brave_search,CT|FL|NJ|NY,bridge|construction,$500K – $100M,80%,,9%,2 pts,36 mo
129,titanfunding.com,"Titan Funding, LLC",https://titanfunding.com,(855) 731-1600,info@titanfunding.com,phone_email,Boca Raton,FL,1,False,"Florida’s premier private money lender, providing fast, flexible real estate financing and private note investment opportunities since 2014.",100000,25000000,0.8,,0.1,0.13,,,12,36,True,,,2014,none,,True,brave_search,FL,bridge|commercial|construction|dscr|fix_flip,$100K – $25M,80%,,10% – 13%,,12 – 36 mo
318,tnbank.bank,TNBANK,https://tnbank.bank,(865) 483-9444,,phone_only,Oak Ridge,TN,1,False,TNBANK offers a variety of loan products including bridge loans and commercial construction loans with competitive rates and flexible terms.,,,,,,,,,,,True,402935,,,,,False,brave_search,TN,bridge|commercial|construction,,,,,,
319,tridentcapitalpartner.com,Trident Capital Partners,https://tridentcapitalpartner.com,(480) 350-7466,blake@tridentcapitalpartner.com,phone_email,Scottsdale,AZ,1,False,Providing customized lending solutions to real estate investors with fast and flexible loan terms.,2000000,20000000,0.75,,0.085,0.1199,1.0,3.0,6,36,True,1967850,,2020,,,False,brave_search,AZ,bridge|cash_out|commercial|construction|multifamily|refi,$2M – $20M,75%,,8% – 12%,1 – 3 pts,6 – 36 mo
320,tritalent.com,"TriTalent Funding Group, Inc",https://tritalent.com,(503) 222-4466,,phone_only,Portland,OR,10,False,"TriTalent Funding Group, Inc specializes in short-term real estate loans for Commercial, Investment Residential, and Construction projects.",100000,4000000,0.75,,,,,,,12,,,,2004,hard_pull,,False,brave_search,AZ|CA|CO|ID|MT|NV|OR|TX|UT|WA,bridge|commercial|construction|fix_flip|multifamily|rental,$100K – $4M,75%,,,,12 mo
96,triuslending.com,Trius Lending Partners,https://triuslending.com,(443) 898-4090,info@triuslending.com,phone_email,Towson,MD,5,False,"Trius Lending Partners provides quick, flexible capital solutions for real estate investors with long-term loans available nationwide and short-term loans serving the Mid-Atlantic.",,,0.75,0.85,,,,,,,,,,,none,,True,brave_search,DC|DE|MD|PA|VA,bridge|commercial|construction|fix_flip|multifamily|refi|rental,,75%,85%,,,
476,truebridgeloans.com,TrueBridge Loans,https://truebridgeloans.com,(805) 719-7008,info@truebridgeloans.com,phone_email,Thousand Oaks,CA,1,False,TrueBridge Loans specializes in providing short-term bridge loan solutions and hard money loans for real estate investors in California.,,,,,,,,,,,,,,,,,False,brave_search,CA,bridge|commercial|fix_flip,,,,,,
116,trussfinancialgroup.com,Truss Financial Group,https://trussfinancialgroup.com,(888) 878-7715,,phone_only,,,18,False,"Truss Financial Group specializes in hard money and private money loans, offering a variety of financing options for real estate investors including fix and flip, bridge, and DSCR loans.",100000,3000000,0.8,,0.08,0.12,,,6,24,True,,,,hard_pull,620,False,brave_search,AZ|CA|CO|CT|FL|GA|ID|IL|MD|NC|OH|OR|PA|SC|TN|TX|VA|WA,bridge|dscr|fix_flip,$100K – $3M,80%,,8% – 12%,,6 – 24 mo
477,turningpointlending.com,Turning Point Lending,https://turningpointlending.com,(844) 875-3863,info@turningpointlending.com,phone_email,Newtown,PA,45,False,"Turning Point Lending offers private lending solutions for real estate investors, specializing in fix and flip, new construction, bridge, and DSCR rental loans.",75000,3000000,0.85,0.7,0.1,0.13,1.0,3.0,6,24,,,,,hard_pull,650,False,brave_search,AL|AR|AZ|CA|CO|CT|DE|FL|GA|HI|IA|ID|IL|IN|KS|KY|LA|MA|MD|ME|MI|MN|MO|MS|MT|NC|NE|NH|NJ|NM|NY|OH|OK|OR|PA|RI|SC|TN|TX|UT|VA|WA|WI|WV|WY,bridge|dscr|fix_flip|ground_up,$75K – $3M,85%,70%,10% – 13%,1 – 3 pts,6 – 24 mo
478,tworivers.bank,Two Rivers Bank & Trust,https://tworivers.bank,(888) 226-6063,,phone_only,Des Moines,IA,1,False,Two Rivers Bank & Trust offers a variety of loan products including construction and commercial real estate loans.,,,,,,,,,,,True,411048,,1904,,,False,brave_search,IA,commercial|construction,,,,,,
334,adamzmortgageteam.com,Union Home Mortgage,https://adamzmortgageteam.com,(414) 975-2654,azeman@uhm.com,phone_email,Wauwatosa,WI,1,False,"Union Home Mortgage offers personalized mortgage solutions including DSCR loans, new home construction loans, and various conventional loan options.",,,0.8,,,,,,5,360,,870441,,,,,False,brave_search,WI,construction|dscr|refi,,80%,,,,5 – 360 mo
28,unitasfunding.com,Unitas Funding LLC,https://unitasfunding.com,(862) 217-6326,,phone_only,Cranford,NJ,51,True,"Unitas Funding is a direct private lender built for real estate investors, offering fast, flexible financing solutions for various investment strategies.",50000,4500000,0.925,0.75,0.0899,,,,12,24,,,,,hard_pull,600,False,brave_search,AK|AL|AR|AZ|CA|CO|CT|DC|DE|FL|GA|HI|IA|ID|IL|IN|KS|KY|LA|MA|MD|ME|MI|MN|MO|MS|MT|NC|ND|NE|NH|NJ|NM|NV|NY|OH|OK|OR|PA|RI|SC|SD|TN|TX|UT|VA|VT|WA|WI|WV|WY,bridge|construction|dscr|fix_flip,$50K – $4.5M,92%,75%,9%,,12 – 24 mo
479,urbancitywidedevelopment.com,Urban City Wide Development,https://urbancitywidedevelopment.com,(314) 240-8108,info@urbancitywidedevelopment.com,phone_email,Saint Louis,MO,51,True,Urban City Wide Development offers private money financing solutions for real estate development and construction projects.,,,,,,,,,,,,,,,,,False,brave_search,AK|AL|AR|AZ|CA|CO|CT|DC|DE|FL|GA|HI|IA|ID|IL|IN|KS|KY|LA|MA|MD|ME|MI|MN|MO|MS|MT|NC|ND|NE|NH|NJ|NM|NV|NY|OH|OK|OR|PA|RI|SC|SD|TN|TX|UT|VA|VT|WA|WI|WV|WY,,,,,,,
322,uscnyc.com,Urban Standard Capital,https://uscnyc.com,(917) 388-2300,,phone_only,New York,NY,51,True,"Urban Standard Capital is a real estate lender, developer, and investment firm specializing in construction loans, acquisition loans, and bridge loans.",,,0.8,,,,,,,,,,,,,,False,brave_search,AK|AL|AR|AZ|CA|CO|CT|DC|DE|FL|GA|HI|IA|ID|IL|IN|KS|KY|LA|MA|MD|ME|MI|MN|MO|MS|MT|NC|ND|NE|NH|NJ|NM|NV|NY|OH|OK|OR|PA|RI|SC|SD|TN|TX|UT|VA|VT|WA|WI|WV|WY,bridge|construction,,80%,,,,
480,usahardmoneylenders.com,USA Hard Money Lenders,https://usahardmoneylenders.com,(425) 276-7996,,phone_only,Bellevue,WA,50,False,"We fund real estate investors nationwide with hard money loans for fix and flip, buy and hold, and BRRRR investment projects.",,,,,,,,,3,12,,,,,,,False,brave_search,AK|AL|AR|AZ|CA|CO|CT|DE|FL|GA|HI|IA|ID|IL|IN|KS|KY|LA|MA|MD|ME|MI|MN|MO|MS|MT|NC|ND|NE|NH|NJ|NM|NV|NY|OH|OK|OR|PA|RI|SC|SD|TN|TX|UT|VA|VT|WA|WI|WV|WY,bridge|brrrr|fix_flip,,,,,,3 – 12 mo
101,valorlending.com,Valor Lending Group,https://valorlending.com,(619) 810-0088,info@valorlending.com,phone_email,San Diego,CA,3,False,"Valor Lending Group offers a wide range of mortgage programs nationwide, specializing in hard money loans for various real estate needs.",100000,10000000,,,,,,,12,24,True,1600345,,,none,,True,brave_search,AZ|CA|FL,bridge|commercial|construction|dscr|fix_flip,$100K – $10M,,,,,12 – 24 mo
251,vaster.com,Vaster,https://vaster.com,(305) 673-3011,hello@vaster.com,phone_email,Miami,FL,2,False,Vaster provides private money loans and bridge loans for real estate investors in Florida and New York.,,,0.65,,,,,,,,,1804955,,,,,False,brave_search,FL|NY,bridge|cash_out|construction|refi,,65%,,,,
263,blog.vaster.com,Vaster,https://blog.vaster.com,(305) 673-3011,hello@vaster.com,phone_email,Miami,FL,1,False,Vaster is a private real estate lender specializing in bridge loans and construction financing for various property types in South Florida.,,,,,,,,,,,True,1804955,,,,,False,brave_search,FL,bridge|construction,,,,,,
323,venuscomcapital.com,Venus Capital,https://venuscomcapital.com,(614) 987-8767,,phone_only,,,5,False,"Venus Capital offers a variety of real estate financing solutions for investors, including fix and flip loans, rental loans, and commercial real estate financing.",,,,,,,,,,,,,,,,,False,brave_search,FL|GA|MD|OH|TX,bridge|commercial|construction|fix_flip|rental,,,,,,
324,veristonecapital.com,Veristone Capital,https://veristonecapital.com,(425) 484-2608,,phone_only,Kirkland,WA,2,False,"Veristone Capital offers a range of hard money loans including bridge, fix and flip, and construction loans for real estate investors.",,25000000,0.9,,0.09,0.12,,,1,24,True,,,2011,none,,True,brave_search,ID|OR,bridge|construction|fix_flip,$25M,90%,,9% – 12%,,1 – 24 mo
204,investinvermont.org,Vermont Community Loan Fund,https://investinvermont.org,(802) 223-1448,admin@vclf.org,phone_email,Montpelier,VT,1,False,"The Vermont Community Loan Fund is a mission-driven, community-focused alternative lender providing loans and resources to local businesses, community organizations, and developers of affordable housing.",,650000,,,0.0,0.0,,,,84,,,,,none,,True,brave_search,VT,construction,$650K,,,0%,,84 mo
86,vfindloans.com,vFindLoans,https://vfindloans.com,(951) 254-3712,,phone_only,,CA,1,False,"Specializing in fast, simple hard money, non-QM & alternative loans for 1st & 2nd mortgages.",50000,5000000,0.9,,0.0495,,1.0,6.0,6,360,,,,,none,,True,brave_search,CA,bridge|brrrr|cash_out|commercial|construction|dscr|fix_flip|multifamily|refi|rental,$50K – $5M,90%,,5%,1 – 6 pts,6 – 360 mo
481,vipcapitalfunding.com,VIP Capital Funding,https://vipcapitalfunding.com,(800) 735-7754,info@vipcapitalfunding.com,phone_email,,,18,False,"VIP Capital Funding provides fast and flexible small business loans and working capital solutions, including bridge loans, across the United States.",25000,15000000,,,,,,,,,,,,,,,False,brave_search,CA|CO|FL|GA|IL|MD|MI|MO|NC|NJ|NV|NY|OH|OK|PA|TX|VA|WA,bridge,$25K – $15M,,,,,
325,visiolending.com,Visio Lending,https://visiolending.com,(888) 521-0353,,phone_only,Austin,TX,51,True,"Visio Lending specializes in DSCR loans for real estate investors, providing financing based on property income rather than personal income.",,,,,,,,,,,,1935590,,2012,hard_pull,680,False,brave_search,AK|AL|AR|AZ|CA|CO|CT|DC|DE|FL|GA|HI|IA|ID|IL|IN|KS|KY|LA|MA|MD|ME|MI|MN|MO|MS|MT|NC|ND|NE|NH|NJ|NM|NV|NY|OH|OK|OR|PA|RI|SC|SD|TN|TX|UT|VA|VT|WA|WI|WV|WY,dscr|rental,,,,,,
326,w-financial.com,W Financial,https://w-financial.com,(212) 684-2283,info@w-financial.com,phone_email,Great Neck,NY,51,True,W Financial is a New York-based commercial real estate lender specializing in time-sensitive bridge loans ranging from $1 million to more than $50 million nationwide.,1000000,50000000,,,,,,,,,,,,,,,False,brave_search,AK|AL|AR|AZ|CA|CO|CT|DC|DE|FL|GA|HI|IA|ID|IL|IN|KS|KY|LA|MA|MD|ME|MI|MN|MO|MS|MT|NC|ND|NE|NH|NJ|NM|NV|NY|OH|OK|OR|PA|RI|SC|SD|TN|TX|UT|VA|VT|WA|WI|WV|WY,bridge|multifamily,$1M – $50M,,,,,
59,wadot.com,WADOT Capital Inc.,https://wadot.com,(206) 362-4444,info@wadotcapital.com,phone_email,,,3,False,"WADOT Capital Inc. provides direct, reliable, collateral-based funding for construction, real estate rehabilitation, and agriculture in Washington, Oregon, and Idaho.",,,,,0.105,0.129,3.0,4.0,12,24,True,3213,,2001,none,,True,brave_search,ID|OR|WA,commercial|construction,,,,10% – 13%,3 – 4 pts,12 – 24 mo
68,getwaltz.com,"Waltz, Inc.",https://getwaltz.com,(800) 775-4849,,phone_only,Miami,FL,42,False,"Waltz simplifies the rental property purchase process for foreign nationals, offering financing without the need for U.S. credit.",,,0.7,,,,,,,,,2615658,,,none,,True,brave_search,AK|AL|AR|AZ|CO|CT|DC|DE|FL|GA|HI|IA|IL|IN|KS|KY|LA|MA|MD|ME|MI|MO|MS|MT|NC|NE|NH|NJ|NM|NY|OH|OK|PA|RI|SC|TN|TX|VA|WA|WI|WV|WY,cash_out|refi|rental,,70%,,,,
252,warnerequityfunding.com,Warner Equity Funding,https://warnerequityfunding.com,,contact@warnerequityfunding.com,email_only,,,10,False,Warner Equity Funding is a direct hard money lender offering fast approvals and competitive rates for various real estate financing needs.,300000,10000000,1.0,,0.0849,0.125,1.0,5.0,6,36,True,,,,none,,True,brave_search,CA|CT|FL|IL|MD|MI|NJ|NY|OH|TX,bridge|cash_out|commercial|construction|fix_flip|multifamily|refi|rental,$300K – $10M,100%,,8% – 12%,1 – 5 pts,6 – 36 mo
173,wcp.loans,Washington Capital Partners,https://wcp.loans,(703) 348-0549,info@wcp.team,phone_email,McLean,VA,1,False,"Washington Capital Partners offers fast, flexible hard money loans for real estate investors, including fix and flip, DSCR rental, new construction, and multi-family loans.",,10000000,0.85,,,,,,12,18,,,,,hard_pull,660,False,brave_search,VA,construction|dscr|fix_flip|multifamily,$10M,85%,,,,12 – 18 mo
46,watermencapital.com,Watermen Capital,https://watermencapital.com,(949) 785-5150,info@watermencapital.com,phone_email,San Clemente,CA,40,False,"Watermen Capital provides fast, flexible financing solutions tailored to real estate investors, including fix and flip, rental, and multifamily loans.",75000,30000000,0.75,,0.085,0.0999,,,12,36,True,,,,hard_pull,620,False,brave_search,AL|AR|CA|CO|CT|DC|DE|FL|GA|HI|IA|IL|IN|KS|KY|LA|MA|MD|ME|MI|MO|MS|MT|NC|NE|NH|NJ|NM|NY|OH|OK|PA|RI|SC|TN|TX|VA|WA|WI|WY,bridge|dscr|fix_flip|multifamily,$75K – $30M,75%,,8% – 10%,,12 – 36 mo
21,westforestcapital.com,West Forest Capital,https://westforestcapital.com,(212) 537-5833,,phone_only,New York,NY,7,False,"West Forest Capital is a direct private lender offering fast and flexible hard money loans for real estate investors, including fix and flip, bridge, and rental loans.",100000,5000000,0.8,0.7,0.1,0.125,1.5,2.0,12,36,,,,,none,,True,brave_search,CT|FL|GA|MA|NH|NJ|NY,bridge|dscr|fix_flip|rental,$100K – $5M,80%,70%,10% – 12%,1.5 – 2 pts,12 – 36 mo
482,westparkloans.com,Westpark Loans,https://westparkloans.com,(949) 535-1545,info@westparkloans.com,phone_email,Irvine,CA,1,False,"Westpark Loans is a full-service mortgage brokerage specializing in hard money loans, bridge loans, and construction financing for real estate investors.",,,0.95,,,,,,6,36,True,,,2007,hard_pull,680,False,brave_search,CA,bridge|construction|fix_flip,,95%,,,,6 – 36 mo
43,wildcatlending.com,Wildcat Lending,https://wildcatlending.com,(972) 525-4777,info@wildcatlending.com,phone_email,Plano,TX,1,False,"Wildcat Lending is a leading private money lender offering fast, reasonable, and secure real estate loans for investment properties.",,,,,,,,,,,,,,,none,,True,brave_search,TX,bridge,,,,,,
174,wilshirequinn.com,"Wilshire Quinn Capital, Inc.",https://wilshirequinn.com,(619) 872-6000,info@wilshirequinn.com,phone_email,San Diego,CA,51,True,"Wilshire Quinn Capital is a direct portfolio lender providing bridge loans for commercial and residential real estate, with a focus on rapid execution and proven performance.",200000,20000000,0.6,,0.09,0.12,1.0,5.0,3,24,True,2282570,,2004,none,,True,brave_search,AK|AL|AR|AZ|CA|CO|CT|DC|DE|FL|GA|HI|IA|ID|IL|IN|KS|KY|LA|MA|MD|ME|MI|MN|MO|MS|MT|NC|ND|NE|NH|NJ|NM|NV|NY|OH|OK|OR|PA|RI|SC|SD|TN|TX|UT|VA|VT|WA|WI|WV|WY,bridge|cash_out|refi,$200K – $20M,60%,,9% – 12%,1 – 5 pts,3 – 24 mo
327,wilsonbank.com,Wilson Bank & Trust,https://wilsonbank.com,(615) 443-0012,hr@wilsonbank.com,phone_email,,TN,1,False,"Wilson Bank & Trust offers a variety of loan products including bridge and construction loans, with competitive rates and local decision-making.",,,,,,,,,,,True,,,,,,False,brave_search,TN,bridge|construction,,,,,,
253,wiscohardmoney.com,Wisconsin Hard Money,https://wiscohardmoney.com,(262) 613-1628,wisconsinhardmoney@gmail.com,phone_email,,WI,1,False,"Wisconsin Hard Money provides fast and reliable funding for non-owner-occupied investment properties, specializing in fix and flip, BRRRR, and bridge loans.",,,0.65,,,,,,6,,True,,,,none,,True,brave_search,WI,bridge|brrrr|fix_flip,,65%,,,,6 mo
329,4062200077.com,Wood Team Home Mortgage LLC,https://4062200077.com,(406) 220-0077,,phone_only,Red Lodge,MT,3,False,Wood Team Home Mortgage LLC is a trusted residential mortgage financing group dedicated to helping individuals and families achieve their homeownership dreams.,,,,,,,,,,,,2535756,,,,,False,brave_search,MN|MT|WY,bridge|construction|dscr,,,,,,
124,worcesterfinancial.com,Worcester Financial,https://worcesterfinancial.com,816.479.6599 Option #3,privatelending@wc-kc.com,phone_email,Kansas City,MO,2,False,"Worcester Financial is an asset based, hard money lender offering creative financing solutions for borrowers when traditional bank loans are not an option.",,,0.7,,,,,,,18,,,,2016,none,,True,brave_search,KS|MO,bridge|brrrr|fix_flip,,70%,,,,18 mo
483,workharding.com,Work Hard Mortgage,https://workharding.com,(801) 228-0937,,phone_only,Lehi,UT,1,False,"Work Hard Mortgage offers a variety of mortgage solutions including construction loans, fix and flip loans, and private money loans throughout Utah.",100000,750000,0.9,,,,,,,,,269043,,,hard_pull,660,False,brave_search,UT,commercial|construction|fix_flip,$100K – $750K,90%,,,,
328,workingcapitalmarketplace.com,Working Capital Marketplace,https://workingcapitalmarketplace.com,(833) 612-2300,contact@workingcapitalmarketplace.com,phone_email,Miami,FL,1,False,"Working Capital Marketplace offers a variety of funding solutions including bridge loans, construction loans, and hard money loans to help businesses meet their financial needs.",25000,6000000,,,,,,,12,60,True,,,,hard_pull,550,False,brave_search,FL,bridge|construction,$25K – $6M,,,,,12 – 60 mo
254,worthavenuecapital.com,Worth Avenue Capital,https://worthavenuecapital.com,(203) 605-4082,worthavenuecapital@gmail.com,phone_email,Guilford,CT,3,False,"Worth Avenue Capital specializes in providing alternative funding solutions for real estate investors and developers, focusing on bridge loans and bespoke commercial loans.",,,,,,,,,,,,,,,none,,True,brave_search,CT|FL|NH,bridge|commercial,,,,,,
219,y2lending.com,Y2 Lending,https://y2lending.com,(888) 292-8543,,phone_only,Waterloo,IA,40,False,"A private money lending partner providing financial solutions for real estate investors, wholesalers, and private investors.",50000,1000000,0.7,,,,,,3,24,,,,,none,,True,brave_search,AL|AR|AZ|CA|CO|CT|FL|GA|IA|ID|IL|IN|KS|KY|LA|MA|MD|MI|MN|MO|MS|NC|NE|NJ|NM|NV|NY|OH|OK|OR|PA|RI|SC|SD|TN|TX|UT|VA|WA|WI,bridge|dscr|fix_flip|refi,$50K – $1M,70%,,,,3 – 24 mo
27,yieldi.com,Yieldi,https://yieldi.com,(770) 376-7632,info@yieldi.com,phone_email,,,51,True,Yieldi is a nationwide bridge lender and real estate investment platform offering hard money loans secured by real estate.,50000,2000000,0.6,,,,,,12,12,True,,,,hard_pull,720,False,brave_search,AK|AL|AR|AZ|CA|CO|CT|DC|DE|FL|GA|HI|IA|ID|IL|IN|KS|KY|LA|MA|MD|ME|MI|MN|MO|MS|MT|NC|ND|NE|NH|NJ|NM|NV|NY|OH|OK|OR|PA|RI|SC|SD|TN|TX|UT|VA|VT|WA|WI|WV|WY,bridge|commercial|construction|fix_flip|rental,$50K – $2M,60%,,,,12 mo
484,zeuslending.com,Zeus Lending,https://zeuslending.com,713-ASK-ZEUS,,phone_only,,TX,1,False,"Zeus Lending offers a variety of private money loans including hard money, construction, and commercial real estate loans, primarily serving Texas.",,5000000,,,,,,,,,,,,,hard_pull,580,False,brave_search,TX,commercial|construction,$5M,,,,,
